rainfall_1h,rainfall_24h,wind_speed,road_condition_score,traffic_level,incident_count,incident_severity,route_health_score,elevation,slope,historical_disruptions,distance_to_incident,disruption
2.11,20.59,10.01,60.5,2,0,0,36.9,276.7,24.4,0,999.0,0
13.55,43.42,3.68,54.4,3,0,0,29.0,667.0,10.5,1,999.0,0
5.93,26.34,5.56,90.9,3,0,0,42.9,332.1,22.1,1,999.0,0
4.11,24.56,5.86,70.5,4,0,0,37.7,857.8,36.4,2,999.0,1
0.76,21.11,3.65,24.9,3,0,0,33.9,1687.2,33.6,3,999.0,0
0.76,19.19,10.03,54.9,3,1,3,17.2,1537.2,16.6,3,10.3,1
0.27,8.53,5.09,38.0,1,1,3,5.0,1649.8,12.5,3,18.0,1
9.05,51.02,7.38,55.2,3,2,3,5.0,1495.7,10.4,0,27.1,1
4.14,84.45,5.9,54.2,3,0,0,18.2,818.9,21.2,1,999.0,0
5.54,53.32,11.84,63.7,4,2,1,5.0,749.0,6.1,4,17.2,0
0.09,17.96,11.3,46.8,4,2,2,5.0,485.8,21.8,2,6.4,1
15.77,85.15,6.98,32.3,1,0,0,8.4,2230.2,2.0,1,999.0,1
8.04,40.66,12.21,57.8,4,0,0,32.7,1660.4,13.7,1,999.0,1
1.07,7.91,18.1,82.3,1,0,0,60.4,607.0,9.9,6,999.0,0
0.9,16.4,1.27,69.8,2,0,0,47.2,584.2,37.0,2,999.0,0
0.91,53.61,5.66,45.4,3,0,0,27.9,2288.9,28.2,3,999.0,1
1.63,12.84,4.24,90.2,1,1,2,37.9,1969.7,14.6,1,0.9,0
3.35,22.03,5.3,88.4,3,0,0,55.1,1765.5,5.3,2,999.0,1
2.54,16.43,1.04,35.7,1,3,2,5.0,1146.8,20.6,3,27.5,1
1.55,14.13,1.22,23.0,2,0,0,19.3,791.8,9.7,2,999.0,0
4.26,35.64,0.47,75.6,3,3,2,5.0,2549.7,21.3,2,35.1,1
0.68,2.89,6.04,82.1,3,0,0,55.2,2103.2,32.1,4,999.0,1
1.55,29.2,5.92,92.6,4,1,2,29.3,889.4,24.2,1,7.3,0
2.05,25.05,19.68,86.7,3,0,0,51.4,2226.5,24.8,2,999.0,0
2.74,19.09,9.53,65.0,3,0,0,56.5,2009.4,21.5,3,999.0,0
6.92,77.41,12.02,59.8,2,2,2,5.0,877.8,35.4,1,32.4,1
1.0,6.85,58.43,22.1,1,0,0,17.9,1195.1,35.5,3,999.0,0
3.25,61.03,1.28,38.5,1,1,3,5.0,605.6,20.5,4,15.1,1
4.04,37.64,23.3,54.5,3,1,1,13.3,422.1,13.0,4,20.2,0
0.21,33.97,8.4,67.1,3,0,0,41.6,1920.8,18.5,2,999.0,0
4.21,45.3,6.4,61.8,2,0,0,37.1,805.4,8.7,1,999.0,1
0.84,29.78,5.73,75.7,3,1,3,21.5,2159.1,24.9,0,7.5,1
0.3,63.27,10.76,41.0,3,0,0,11.9,2589.2,20.0,3,999.0,1
13.38,47.33,6.44,62.4,1,1,1,13.1,337.7,5.7,2,30.0,0
15.17,143.64,3.57,26.6,2,2,1,5.0,1308.9,9.1,0,3.3,1
7.44,43.41,5.88,51.0,4,0,0,33.8,2115.1,19.3,8,999.0,1
1.63,19.27,10.95,76.3,3,0,0,59.5,2082.9,34.0,2,999.0,0
0.46,8.72,13.36,72.0,4,1,4,18.6,2012.0,22.4,0,10.5,1
5.19,52.37,24.74,94.3,1,0,0,46.4,1005.0,26.5,4,999.0,0
2.61,12.76,9.26,40.8,5,0,0,30.1,1261.9,14.2,4,999.0,0
0.59,16.4,18.75,57.4,2,0,0,38.1,1607.7,22.6,3,999.0,0
3.08,32.88,7.57,44.7,1,1,4,5.0,2536.2,18.1,4,6.2,0
0.16,22.61,8.29,53.0,5,0,0,40.4,952.5,25.7,3,999.0,1
10.8,104.94,8.0,84.3,2,0,0,27.7,2411.7,3.8,1,999.0,1
1.35,17.88,9.99,71.3,3,1,1,22.1,809.9,19.8,1,6.5,1
4.89,35.37,14.86,86.2,2,0,0,46.0,2573.2,12.7,3,999.0,0
1.68,10.65,6.25,35.3,3,0,0,37.1,1792.1,13.7,2,999.0,0
3.3,13.69,4.41,85.5,4,4,2,5.0,1285.6,36.6,3,25.8,1
3.56,27.97,15.6,24.5,2,1,1,7.5,1652.8,8.6,4,5.3,1
0.92,11.88,14.92,86.6,3,2,2,21.3,817.7,13.2,4,17.1,1
15.72,114.48,20.55,44.7,2,0,0,13.9,821.7,20.4,3,999.0,0
6.72,87.22,5.57,43.6,3,1,3,5.0,428.2,33.1,3,23.5,1
12.62,57.51,7.38,58.4,2,0,0,27.1,429.4,17.0,5,999.0,0
10.13,43.15,15.96,90.6,2,0,0,43.2,1001.8,28.8,1,999.0,0
4.1,39.38,6.2,23.6,2,0,0,20.0,2019.0,32.8,3,999.0,0
11.47,61.35,13.01,46.4,2,0,0,10.3,1639.5,13.2,1,999.0,1
0.42,10.47,7.59,84.2,4,2,4,5.8,401.3,16.1,2,26.1,1
0.98,20.12,10.72,49.7,2,0,0,35.3,2238.0,14.8,2,999.0,0
0.21,10.76,3.51,34.9,2,1,3,5.0,1623.4,32.0,2,12.2,1
1.77,18.17,9.18,51.9,2,1,2,9.2,2504.1,3.6,1,27.5,1
2.21,85.99,17.88,48.9,2,1,3,5.0,1792.0,13.1,2,26.1,0
1.42,41.8,14.1,88.7,3,0,0,48.5,579.2,26.5,4,999.0,0
7.94,50.79,4.19,77.1,5,1,2,16.0,1310.8,22.4,2,44.6,1
1.99,23.11,23.56,57.9,2,0,0,40.6,1738.8,17.7,1,999.0,0
1.48,19.08,17.22,94.1,4,0,0,57.1,219.2,21.4,1,999.0,0
3.52,15.21,3.65,54.9,3,4,4,5.0,186.5,9.1,2,24.4,1
0.68,10.93,5.91,24.4,2,0,0,28.3,467.0,17.5,4,999.0,0
7.29,39.98,3.82,39.7,3,0,0,18.6,766.6,20.1,2,999.0,1
0.35,11.77,10.91,52.7,3,2,4,5.0,1202.4,34.4,1,14.1,1
19.5,98.7,5.72,31.8,3,0,0,6.5,1344.2,11.4,2,999.0,0
6.66,46.98,1.58,91.1,4,1,2,19.9,488.2,33.2,3,20.7,1
1.0,57.15,8.27,77.5,2,0,0,31.5,1799.8,25.2,2,999.0,1
0.02,36.2,15.22,40.1,4,0,0,29.2,1610.5,2.7,1,999.0,1
7.6,43.53,9.3,64.3,3,0,0,35.3,871.4,28.1,7,999.0,1
5.52,41.27,12.28,74.1,2,0,0,48.8,183.5,3.3,1,999.0,0
5.88,51.31,9.9,90.6,3,0,0,43.6,340.2,37.9,1,999.0,0
6.64,30.05,13.73,86.1,2,1,2,21.6,1109.7,33.4,0,40.1,1
0.35,26.19,10.48,58.6,5,1,2,19.0,527.2,12.7,6,44.5,0
2.0,9.42,7.96,78.1,3,3,1,14.9,1073.2,11.3,1,5.7,0
0.55,26.76,9.23,62.2,1,0,0,40.8,1689.0,15.7,2,999.0,1
8.95,59.34,21.01,61.5,2,1,3,5.0,1490.7,14.8,2,6.3,1
4.39,60.06,12.72,28.6,3,1,2,5.0,716.4,15.4,3,30.8,1
1.81,53.73,4.18,29.5,1,3,2,5.0,992.4,13.5,3,17.1,1
0.3,3.32,9.13,59.7,1,0,0,51.7,1654.4,24.4,2,999.0,0
1.68,17.08,10.79,40.2,2,1,2,12.1,2259.1,7.9,3,18.5,0
1.77,69.33,7.78,21.6,2,2,3,5.0,1995.4,32.5,2,28.4,0
5.89,30.15,1.59,74.2,2,0,0,51.1,1505.8,31.2,6,999.0,1
4.57,51.58,4.52,22.4,2,2,1,5.0,1037.6,19.2,0,24.9,1
9.82,44.42,6.45,64.6,2,0,0,46.0,1044.4,32.7,6,999.0,1
2.88,16.82,25.21,60.4,3,1,4,5.0,2304.6,10.9,3,4.4,1
0.57,7.91,11.85,92.7,3,3,4,5.0,246.1,2.6,3,18.8,0
5.62,24.0,2.38,56.3,2,1,4,5.0,2570.6,24.3,3,24.8,1
6.44,59.1,8.13,24.8,2,0,0,12.7,1777.7,18.5,1,999.0,1
3.71,31.23,19.05,61.4,3,0,0,43.3,1818.8,22.4,4,999.0,0
6.63,57.19,5.66,83.1,1,3,2,5.0,243.1,34.4,0,40.8,1
3.06,22.43,16.33,94.8,1,0,0,57.2,1633.5,36.9,3,999.0,1
3.33,25.69,2.45,52.3,1,0,0,32.9,1337.7,24.8,3,999.0,1
2.51,38.94,0.4,44.0,4,1,1,11.6,409.2,29.5,2,32.4,1
0.12,59.96,17.83,88.0,3,0,0,41.3,830.9,5.0,2,999.0,0
0.51,11.21,6.22,34.3,3,0,0,32.6,2331.3,7.8,2,999.0,0
0.14,26.82,6.57,66.2,3,0,0,39.0,1497.5,28.4,1,999.0,1
4.55,56.66,9.84,50.4,3,0,0,23.1,1162.9,17.5,1,999.0,0
1.7,18.32,11.59,23.1,2,1,2,5.0,328.1,18.1,4,15.3,1
3.2,65.11,0.72,46.0,3,1,2,5.0,1899.6,13.1,4,21.0,1
10.72,73.49,5.34,39.9,1,1,1,5.0,1872.0,23.9,2,43.0,1
1.29,11.23,9.02,71.5,3,2,3,5.0,1654.4,8.7,1,14.4,1
2.38,44.48,11.57,91.2,3,2,2,14.7,1400.1,24.6,1,40.7,0
6.34,53.1,4.14,40.1,3,1,4,5.0,1212.8,8.3,5,10.7,1
1.17,33.65,7.51,80.9,2,0,0,50.4,1603.5,4.3,4,999.0,1
0.36,36.09,5.65,24.2,2,1,1,5.0,721.8,13.9,4,23.6,0
1.54,6.2,10.05,60.4,3,0,0,36.4,2456.1,10.3,3,999.0,0
0.79,38.16,17.44,25.3,3,1,3,5.0,1592.5,34.0,2,2.5,1
11.95,77.47,6.83,90.1,4,1,3,5.0,912.4,4.0,2,10.3,1
7.43,63.36,2.84,77.5,2,0,0,35.5,1251.7,8.4,1,999.0,0
4.52,38.54,5.12,69.3,3,2,3,5.0,2123.9,21.8,3,15.2,1
9.23,96.54,23.42,81.8,3,0,0,31.6,546.0,19.3,1,999.0,1
7.33,41.55,4.54,68.6,4,1,4,5.0,867.4,3.7,2,23.2,1
0.93,15.9,3.34,92.7,3,0,0,57.7,1814.8,2.3,2,999.0,0
10.04,51.67,6.54,73.5,3,3,3,5.0,922.9,37.6,3,40.3,1
3.49,30.76,8.13,89.3,3,0,0,52.0,2091.6,25.7,0,999.0,0
7.41,49.09,5.91,58.8,3,0,0,31.6,469.6,15.2,4,999.0,1
10.19,40.86,2.46,28.8,5,0,0,23.2,2018.6,18.9,1,999.0,1
1.72,18.01,10.7,59.6,1,0,0,37.4,317.5,11.6,0,999.0,0
0.52,8.81,10.06,29.5,1,0,0,37.6,180.9,14.4,1,999.0,0
1.16,33.65,13.42,64.4,4,1,4,5.0,2350.6,25.4,0,27.9,1
2.51,16.64,9.91,56.2,3,0,0,33.7,1574.3,33.8,1,999.0,0
7.67,33.53,22.26,66.7,3,0,0,40.9,1012.0,8.6,1,999.0,0
8.87,109.0,14.08,20.8,2,0,0,5.0,719.9,32.3,3,999.0,0
0.03,0.33,12.35,34.6,1,2,2,5.0,1661.4,6.4,1,20.0,0
3.22,109.6,17.83,56.8,3,1,2,5.0,1397.1,9.7,0,38.6,0
2.43,30.99,9.52,91.3,3,1,1,29.9,2579.4,3.3,2,2.7,0
1.13,33.9,7.62,48.8,2,1,1,15.4,2558.9,7.1,2,39.7,0
0.57,7.62,10.62,51.8,2,0,0,32.3,1705.8,35.0,3,999.0,1
1.85,15.01,1.51,73.6,4,0,0,50.9,1235.0,18.5,5,999.0,1
12.88,121.53,9.54,65.3,1,0,0,8.5,1353.3,4.8,2,999.0,1
1.76,37.93,8.12,42.4,4,2,1,5.0,1822.1,36.6,1,16.6,0
3.29,33.39,11.38,50.8,2,4,1,5.0,398.9,33.6,2,44.7,1
5.46,37.28,16.36,36.3,3,0,0,28.8,954.5,29.2,0,999.0,1
2.03,27.84,12.58,92.5,4,0,0,58.3,334.4,35.6,5,999.0,0
16.06,72.6,5.14,29.8,3,0,0,11.7,329.7,9.9,1,999.0,0
14.77,79.45,14.74,47.9,2,0,0,13.4,629.8,32.1,1,999.0,1
1.31,28.73,22.46,21.9,3,1,2,5.2,1338.9,26.8,1,35.2,0
3.09,50.77,16.62,36.6,2,0,0,17.5,2072.7,33.3,2,999.0,0
1.61,24.95,3.06,78.5,2,3,1,5.0,1339.5,30.7,1,5.7,0
1.51,11.52,12.49,35.1,5,0,0,34.6,971.9,14.5,3,999.0,1
0.17,10.9,3.47,26.0,3,2,1,5.0,351.8,29.9,4,6.7,1
4.23,21.23,7.1,55.6,3,2,4,5.0,1498.2,11.4,2,39.7,1
3.14,23.11,11.16,20.7,2,1,1,5.0,814.6,13.8,3,33.9,1
0.24,9.73,10.23,26.4,1,1,3,5.0,1656.6,5.9,4,34.2,1
1.47,5.73,16.42,80.6,1,1,1,43.5,2544.1,35.7,1,29.5,0
10.75,85.29,22.52,77.9,3,1,4,5.0,422.7,12.5,2,23.1,1
1.23,9.03,11.89,88.6,3,1,4,18.3,669.7,20.7,3,7.2,0
0.7,28.43,6.72,84.1,3,1,3,18.9,1309.1,16.1,4,15.2,0
3.03,64.3,1.58,71.2,4,4,3,5.0,2523.1,36.6,5,6.6,1
19.1,104.89,18.98,23.9,1,1,1,5.0,2040.9,14.1,3,32.8,0
1.25,55.74,8.15,78.7,2,1,4,5.0,2350.7,30.0,0,7.6,1
5.02,48.74,8.45,83.4,2,2,4,5.0,967.6,32.8,2,31.7,1
6.45,38.3,8.91,79.9,2,0,0,41.6,2580.5,17.7,2,999.0,1
1.22,6.55,11.55,58.1,1,0,0,45.0,401.9,15.6,1,999.0,0
5.86,45.37,11.76,37.5,5,0,0,15.5,279.8,28.9,2,999.0,1
2.06,39.34,7.18,83.4,2,1,4,20.8,2246.2,34.9,1,14.5,1
4.5,36.67,8.1,74.5,4,2,3,5.0,2421.8,29.2,2,14.7,1
4.52,28.4,5.58,93.6,2,0,0,52.0,371.9,10.2,4,999.0,0
3.45,22.4,5.13,31.7,5,1,2,5.0,427.9,34.0,3,5.6,1
0.43,10.57,5.11,36.9,3,1,4,7.0,231.3,16.0,1,37.4,1
8.12,34.94,8.03,35.9,4,0,0,19.0,406.0,22.7,3,999.0,0
1.74,15.42,4.39,79.4,1,1,2,37.0,663.1,31.9,3,8.8,1
0.93,11.96,0.35,34.0,3,2,2,5.0,2526.7,8.8,4,32.5,1
0.19,25.14,6.64,25.0,4,0,0,25.8,1786.3,30.2,3,999.0,1
4.02,56.57,3.23,94.9,1,1,1,22.8,2057.5,23.5,1,33.8,0
5.09,47.81,9.33,21.9,1,1,4,5.0,2051.5,34.2,2,8.9,1
0.08,35.78,5.56,82.6,2,0,0,42.8,1460.9,8.2,2,999.0,1
3.23,29.3,11.64,47.4,4,0,0,38.9,2103.8,17.1,2,999.0,0
1.16,16.02,3.49,83.1,3,4,1,5.0,1609.7,32.0,3,16.8,1
4.66,23.59,1.9,61.6,3,0,0,40.1,920.6,2.7,2,999.0,1
0.86,21.69,8.11,87.6,1,0,0,50.1,1524.7,6.0,0,999.0,0
5.28,85.55,6.44,89.5,1,0,0,29.7,1457.1,37.7,1,999.0,0
2.2,26.14,2.99,20.7,4,1,1,7.2,2167.5,12.1,1,3.1,0
12.42,66.22,14.09,25.7,1,1,2,5.0,2555.2,37.1,1,1.0,1
0.67,19.63,4.0,38.8,3,1,3,7.6,1157.1,8.6,1,31.6,0
1.88,9.13,4.95,70.2,4,0,0,39.9,2020.3,15.0,4,999.0,0
0.54,35.61,15.77,86.6,2,2,3,11.6,394.4,29.1,2,15.4,0
11.64,101.81,12.07,54.5,3,0,0,26.5,2053.2,25.7,1,999.0,1
9.44,49.46,3.66,65.5,1,0,0,32.4,1060.0,22.9,3,999.0,1
1.34,21.66,6.86,34.1,3,0,0,38.3,246.5,21.1,1,999.0,0
4.85,37.16,3.36,80.4,2,0,0,43.7,1040.0,32.4,0,999.0,1
7.65,53.64,15.07,92.5,3,2,1,8.7,1646.1,10.5,1,28.7,0
3.65,30.54,15.06,40.1,2,3,1,5.0,442.2,17.9,2,37.6,0
3.39,30.8,24.52,57.1,2,0,0,41.7,2413.9,7.6,3,999.0,1
1.25,25.34,30.24,26.5,3,2,3,5.0,340.3,23.5,2,41.9,1
0.44,27.77,5.52,61.9,2,2,4,5.0,2428.5,11.0,1,24.1,1
10.24,58.92,13.58,57.7,3,3,3,5.0,1882.5,14.0,1,41.6,1
10.38,52.01,1.64,30.8,2,0,0,18.3,957.8,19.0,1,999.0,0
4.51,36.28,9.8,53.2,3,1,2,12.0,1107.3,3.0,2,27.4,0
1.86,11.04,11.42,45.1,2,0,0,38.2,1965.0,5.3,2,999.0,0
1.93,36.21,4.18,59.1,3,2,4,5.0,1623.6,26.7,3,35.0,1
5.83,34.77,5.26,63.9,1,0,0,36.2,1795.5,17.4,3,999.0,1
10.23,53.72,15.12,20.6,2,1,2,5.0,1103.5,33.1,0,22.5,0
9.82,64.75,11.6,77.1,2,0,0,30.6,1345.1,27.0,2,999.0,0
6.81,46.66,22.66,73.5,3,0,0,45.5,2575.2,2.3,2,999.0,0
4.62,32.63,21.08,47.5,2,1,2,5.0,674.1,24.2,2,10.3,0
0.4,2.36,2.11,24.0,4,2,2,5.0,1173.7,5.4,2,27.6,0
0.79,23.24,5.93,76.6,4,1,2,22.3,865.0,30.1,2,28.3,1
10.3,74.54,3.84,91.6,2,2,3,5.0,2024.5,37.7,1,20.0,0
4.2,26.52,13.94,38.0,3,0,0,26.7,2021.8,21.1,0,999.0,0
0.04,10.96,10.45,44.3,1,1,2,7.6,866.5,26.6,1,43.2,1
0.48,4.2,4.05,33.8,2,0,0,25.2,349.4,10.5,7,999.0,0
4.9,39.3,4.58,63.3,3,0,0,31.4,178.0,17.8,2,999.0,1
0.02,18.55,18.3,31.6,3,1,2,5.0,1197.3,32.8,4,9.9,1
0.79,6.76,6.43,46.7,3,1,2,16.1,1155.3,8.0,2,43.9,0
3.58,41.85,1.37,72.3,2,1,1,27.0,2571.6,11.6,1,32.8,0
5.3,18.92,3.77,62.0,2,1,2,16.0,1301.0,18.0,2,41.2,0
4.75,24.91,25.5,49.0,1,1,1,12.2,778.2,27.6,2,14.0,1
1.14,24.01,16.05,51.5,3,0,0,28.8,2333.5,15.5,0,999.0,0
5.6,37.4,3.18,62.2,3,0,0,39.2,1353.1,35.4,2,999.0,0
1.22,10.98,9.8,20.4,3,1,1,14.8,1618.0,5.4,1,13.6,0
1.77,12.36,15.44,25.9,2,0,0,34.3,384.4,15.3,4,999.0,1
6.18,27.03,2.09,86.1,2,0,0,54.2,1088.1,27.5,2,999.0,0
4.72,52.57,16.51,25.8,2,0,0,19.0,2463.3,10.1,1,999.0,1
8.51,70.93,11.53,73.0,1,1,3,10.1,1594.3,25.6,2,37.3,1
4.82,45.43,5.03,89.0,2,0,0,48.1,994.0,7.9,3,999.0,0
3.78,54.29,12.73,40.3,4,1,3,5.0,1682.9,4.0,2,38.4,0
0.44,9.95,10.54,47.8,4,1,3,6.9,2380.5,6.4,1,36.3,0
2.06,43.83,11.02,62.7,3,0,0,28.2,821.3,35.5,1,999.0,0
1.39,18.11,9.57,86.1,2,1,2,25.9,1387.5,21.9,3,17.5,0
1.26,59.75,4.45,90.6,1,1,4,6.8,2498.8,30.7,3,37.5,1
16.26,50.57,5.11,75.5,4,1,4,5.0,572.4,14.0,4,22.3,1
2.25,34.86,7.34,26.5,1,1,3,5.0,1913.2,23.3,0,11.5,1
10.02,72.28,8.94,70.2,4,0,0,30.3,1655.5,19.8,3,999.0,1
4.49,40.3,13.2,50.8,2,1,3,6.7,1815.2,36.0,3,6.8,1
7.13,52.61,25.86,55.3,2,0,0,26.9,1010.5,28.9,1,999.0,1
3.14,35.79,10.1,23.7,4,3,2,5.0,919.0,28.3,4,15.4,1
3.87,21.14,13.06,34.3,1,2,4,5.0,1826.3,3.7,0,12.1,1
3.05,22.07,14.96,79.3,3,1,2,21.3,678.1,21.8,1,43.1,1
0.98,22.34,13.64,54.0,3,0,0,40.3,1178.2,18.8,3,999.0,0
5.77,34.63,4.31,42.6,2,0,0,28.8,611.0,35.4,2,999.0,1
1.48,57.47,19.35,48.8,2,0,0,29.4,170.3,11.3,2,999.0,0
0.11,22.19,17.54,84.1,3,0,0,52.1,2526.6,11.7,1,999.0,1
4.67,63.88,9.48,76.2,3,0,0,33.4,1207.7,16.8,4,999.0,0
0.88,23.77,4.52,40.4,1,1,1,23.8,2524.9,10.8,2,27.1,0
12.69,104.96,8.84,28.8,4,0,0,5.0,493.8,6.7,2,999.0,0
13.85,49.72,2.34,38.9,2,3,2,5.0,1589.0,32.9,1,9.0,1
11.09,93.38,20.87,89.1,2,0,0,30.1,642.4,22.1,4,999.0,0
2.08,26.36,5.47,63.6,2,3,1,5.0,2085.7,33.0,5,18.4,1
0.07,1.26,7.08,60.0,1,2,4,5.0,2070.1,31.9,2,24.0,0
11.86,52.78,19.99,64.7,1,1,2,10.3,425.9,12.2,2,6.0,0
2.52,63.38,18.57,47.5,5,1,2,5.0,2384.6,21.7,0,24.5,0
15.3,120.45,10.81,80.5,2,0,0,20.2,626.8,5.0,3,999.0,1
14.91,123.67,22.76,59.2,1,1,3,5.0,1651.8,34.9,3,44.9,1
8.63,64.54,4.21,28.8,1,0,0,16.2,2564.8,16.6,7,999.0,0
1.57,12.12,10.82,29.7,3,0,0,31.9,2311.9,16.2,6,999.0,0
2.19,20.22,4.23,60.3,4,1,2,8.4,2493.6,12.9,3,16.0,0
8.57,69.88,16.9,90.2,2,0,0,36.0,989.4,18.6,4,999.0,1
1.72,10.85,16.54,43.1,1,1,1,20.2,408.7,11.1,2,20.8,0
0.84,24.52,23.72,85.2,2,0,0,53.0,611.4,15.5,3,999.0,0
3.66,36.11,8.66,77.3,1,0,0,50.0,1376.2,30.8,3,999.0,1
12.38,105.73,27.66,38.6,1,0,0,5.0,2093.4,32.0,2,999.0,1
5.36,62.69,3.96,22.7,2,0,0,13.4,517.9,13.0,2,999.0,1
3.8,19.07,8.35,27.6,2,0,0,26.8,1766.3,18.9,2,999.0,0
0.46,18.96,4.07,74.6,3,0,0,43.0,942.8,33.5,3,999.0,0
4.3,30.93,9.87,35.0,2,0,0,15.2,985.9,3.9,2,999.0,1
20.75,161.62,4.36,47.8,4,2,3,5.0,1771.7,34.0,0,8.4,1
0.68,6.04,16.93,57.6,4,0,0,45.0,1294.1,9.9,5,999.0,0
3.29,37.66,11.78,74.4,3,1,3,9.1,2139.5,26.4,2,28.0,0
9.44,89.56,3.7,28.5,2,0,0,5.0,532.0,23.0,2,999.0,1
6.08,24.94,14.57,50.5,2,2,2,5.0,2085.4,21.9,0,5.5,1
5.37,44.58,21.8,56.4,2,0,0,30.7,307.4,32.9,4,999.0,1
5.46,43.28,12.51,60.6,3,0,0,37.1,625.4,5.7,1,999.0,0
2.0,34.87,2.86,81.4,2,1,3,25.5,1757.6,14.5,3,6.8,0
1.56,16.5,7.82,32.9,4,0,0,19.1,2244.6,21.4,4,999.0,0
7.46,59.05,13.52,80.6,4,1,1,17.1,769.1,31.2,1,16.4,0
7.48,57.57,7.31,72.0,2,0,0,34.1,951.6,9.8,1,999.0,1
9.08,85.87,3.92,61.7,3,4,1,5.0,1465.9,30.9,1,31.9,1
11.0,58.56,18.11,72.5,1,0,0,26.9,668.4,16.4,2,999.0,0
3.22,48.07,7.1,50.9,2,0,0,38.2,2137.3,8.8,1,999.0,1
3.13,24.94,21.81,30.4,2,1,1,8.9,2045.4,29.3,3,21.2,1
7.2,57.59,5.95,69.9,2,0,0,33.7,506.0,5.3,4,999.0,0
4.72,33.07,6.81,59.4,4,2,2,5.0,1286.4,20.5,2,38.9,1
5.45,39.85,5.62,68.0,2,0,0,36.4,2048.3,4.3,4,999.0,0
7.15,47.9,7.73,45.3,2,1,3,5.0,976.5,14.8,2,12.0,0
9.93,75.09,11.65,88.0,3,0,0,31.7,1701.1,23.6,4,999.0,1
1.86,33.76,4.08,64.1,3,2,3,5.0,273.0,22.0,3,16.5,1
2.12,12.35,3.5,26.4,2,1,2,5.0,1641.3,16.6,1,38.2,1
0.44,8.49,2.04,53.7,4,0,0,37.8,524.0,17.4,3,999.0,1
3.89,24.13,1.81,76.7,3,0,0,60.2,2184.9,10.2,2,999.0,1
0.16,1.09,2.89,79.6,2,0,0,57.6,1020.9,18.4,4,999.0,1
2.82,16.04,5.92,57.1,1,3,2,5.0,839.8,36.3,2,17.7,1
3.52,30.81,9.76,87.1,2,0,0,55.6,2210.2,32.6,2,999.0,1
1.52,17.69,11.24,40.1,4,0,0,25.6,272.9,7.2,2,999.0,0
4.02,28.86,9.46,50.8,3,0,0,43.0,1121.7,3.1,4,999.0,0
0.14,11.94,20.32,87.4,4,0,0,43.2,1056.5,35.6,4,999.0,0
0.17,14.4,24.26,87.2,2,1,3,21.1,847.8,21.0,2,37.2,1
7.78,32.34,7.12,71.4,1,3,1,5.0,2383.8,21.4,1,31.6,1
2.01,16.12,4.14,84.4,1,1,1,38.1,1989.8,30.1,1,43.5,0
0.61,53.34,28.69,26.7,2,2,4,5.0,306.6,13.3,2,36.6,1
3.32,32.06,17.74,84.9,3,1,3,17.7,1901.0,19.3,2,3.9,1
6.61,57.3,16.94,44.0,3,0,0,22.6,1441.9,36.9,2,999.0,0
1.09,11.42,5.75,33.4,2,0,0,26.7,2357.1,26.2,2,999.0,1
4.39,43.81,14.79,38.0,2,1,4,5.0,916.7,7.5,2,1.2,1
0.4,25.17,9.51,51.3,2,3,2,5.0,1556.7,6.8,2,11.7,0
0.24,12.39,8.24,38.8,2,2,3,5.0,1376.9,9.4,2,41.5,0
3.41,74.36,8.23,44.0,2,0,0,25.4,1349.4,29.6,2,999.0,1
3.5,12.96,12.0,30.1,1,0,0,25.7,1267.5,12.6,6,999.0,1
4.57,21.74,20.72,42.2,2,0,0,35.9,653.8,2.8,2,999.0,0
5.83,50.62,30.1,62.9,1,3,1,5.0,2001.5,36.0,1,36.4,0
16.76,108.37,6.5,53.1,2,2,2,5.0,1255.8,8.1,3,1.0,1
3.27,21.21,9.87,46.0,1,1,2,15.4,2498.4,2.3,2,13.3,0
1.76,14.58,8.1,76.0,3,0,0,50.9,789.0,10.5,4,999.0,0
7.14,43.36,11.5,87.0,2,1,2,20.5,1822.7,10.5,3,4.7,1
1.42,14.91,7.42,76.8,5,0,0,54.9,2454.8,17.2,2,999.0,0
2.6,40.63,5.27,44.9,2,0,0,31.3,1775.5,35.1,2,999.0,0
0.37,13.37,6.5,75.8,2,1,1,28.7,2284.6,33.7,0,38.2,1
0.12,7.32,5.81,31.4,2,0,0,25.3,2177.3,18.4,6,999.0,0
14.79,52.7,7.83,29.8,1,0,0,16.1,1032.3,16.8,3,999.0,1
8.13,32.39,3.07,45.9,4,2,2,5.0,1620.3,22.0,4,41.8,0
5.36,21.62,5.9,80.6,1,1,1,37.5,532.8,10.8,0,22.8,0
2.37,30.36,11.42,38.5,4,0,0,22.6,1462.0,3.9,0,999.0,1
0.86,61.27,11.37,24.7,4,1,3,5.0,714.5,35.8,2,20.7,1
0.77,31.39,10.24,29.9,3,0,0,30.4,1972.2,8.7,0,999.0,0
1.3,10.25,19.64,84.4,3,1,2,25.2,1443.7,9.1,4,41.3,1
3.59,46.16,11.71,67.5,3,2,1,9.1,1157.5,19.0,4,17.8,1
5.64,66.22,19.26,39.0,2,1,1,5.0,808.6,19.7,2,22.9,1
4.86,45.85,30.11,61.6,3,1,1,24.1,2596.8,2.7,2,15.1,0
1.48,14.37,15.03,59.6,1,0,0,38.6,325.7,7.3,3,999.0,0
13.94,83.31,3.08,69.2,1,0,0,31.8,256.7,15.6,1,999.0,0
6.03,31.23,10.51,37.5,2,0,0,28.4,682.3,26.6,4,999.0,1
3.64,17.11,9.52,84.8,3,0,0,54.3,2529.1,10.2,0,999.0,0
4.26,23.2,21.79,43.2,4,1,3,5.0,2549.1,17.2,3,0.7,1
2.45,21.42,8.03,72.1,1,0,0,35.0,1754.6,22.1,0,999.0,1
1.28,17.22,4.74,21.2,4,0,0,23.3,2306.3,34.0,6,999.0,1
1.98,29.66,6.15,47.9,2,0,0,33.9,674.2,13.7,2,999.0,0
6.38,48.25,3.18,46.4,2,3,1,5.0,2531.5,6.8,1,2.8,1
0.07,1.32,0.33,60.8,2,0,0,41.5,499.8,19.6,2,999.0,0
0.56,49.9,27.24,25.5,2,1,3,5.0,397.8,28.9,4,13.6,1
0.21,43.97,8.78,79.3,2,0,0,45.3,424.9,6.0,1,999.0,0
0.19,23.75,3.44,36.3,3,0,0,28.5,1554.2,17.3,5,999.0,1
8.7,105.21,22.98,70.8,4,0,0,24.2,2063.4,2.6,2,999.0,0
5.47,46.85,25.32,80.2,2,1,1,18.2,1048.3,3.2,1,10.5,0
2.89,60.66,9.74,62.1,2,1,1,10.0,2545.8,19.4,1,12.7,0
0.46,3.79,2.94,75.6,4,2,4,13.1,1214.3,12.7,0,26.6,1
3.04,26.75,6.26,69.6,3,0,0,43.7,518.6,32.4,4,999.0,0
2.89,14.03,7.44,46.7,2,0,0,37.4,1291.6,23.7,1,999.0,0
0.86,8.26,8.98,80.7,2,3,3,11.3,1813.6,18.3,3,11.3,1
2.56,13.24,3.8,42.1,4,0,0,28.0,2189.0,16.7,4,999.0,0
2.29,32.49,15.79,62.8,3,1,1,24.5,1274.0,19.9,5,15.3,0
4.31,46.13,1.24,75.9,2,2,3,6.6,1604.3,3.5,1,39.8,1
4.54,44.84,17.39,48.4,2,0,0,26.7,805.0,34.1,3,999.0,1
0.21,3.58,19.66,42.7,4,1,2,18.4,1732.5,37.9,5,28.4,0
2.11,31.8,6.71,54.5,1,0,0,30.1,2565.6,8.5,2,999.0,1
4.42,42.43,8.29,81.3,5,0,0,40.4,270.2,6.3,2,999.0,0
3.15,31.78,21.16,89.7,1,0,0,52.8,2322.0,7.2,4,999.0,0
8.74,69.31,13.2,60.9,3,2,3,5.0,1527.6,25.8,0,27.0,1
4.84,38.84,6.88,69.6,2,0,0,45.3,767.6,25.8,1,999.0,0
0.8,12.29,7.47,87.7,2,1,3,33.6,2489.5,32.5,5,33.8,1
0.33,38.79,12.04,27.4,4,3,3,5.0,1334.2,29.1,4,25.9,0
4.63,23.94,25.78,37.4,2,1,4,5.0,962.6,18.2,1,14.4,0
0.12,10.25,7.63,73.2,3,1,1,30.1,594.7,24.1,2,33.7,0
3.97,53.18,6.73,81.8,1,0,0,45.4,748.9,26.8,2,999.0,1
12.68,109.72,8.94,84.3,1,0,0,26.0,2190.5,20.5,2,999.0,1
3.86,29.88,8.97,51.1,2,0,0,36.3,1655.3,19.1,1,999.0,1
2.21,12.93,10.71,26.7,3,1,3,5.0,2387.5,25.2,3,37.1,1
4.64,19.53,8.31,52.8,1,4,2,5.0,718.3,22.1,1,21.5,0
2.76,33.99,18.03,37.3,1,3,1,5.0,446.8,25.2,1,9.1,1
3.55,24.43,4.46,41.8,2,2,1,5.0,164.9,24.1,2,4.9,0
12.77,93.01,11.49,77.9,3,2,1,5.0,1394.3,27.9,4,33.6,1
2.2,58.77,11.78,25.7,3,0,0,18.1,2595.9,25.1,3,999.0,1
14.62,103.98,4.78,82.1,2,1,3,5.0,1852.7,20.7,0,29.5,0
10.61,41.05,11.41,52.1,1,2,2,5.0,905.6,26.5,4,6.9,1
0.98,16.42,11.98,64.7,4,0,0,38.6,2298.3,18.2,2,999.0,0
0.32,18.77,0.72,26.7,2,3,2,5.0,2065.2,10.7,2,44.5,1
0.48,4.03,4.13,45.3,4,0,0,49.4,187.8,2.1,3,999.0,0
0.08,5.14,22.23,26.7,4,1,1,13.2,2151.3,22.2,2,27.0,0
0.45,27.66,5.67,92.1,3,1,2,31.7,886.3,23.3,1,35.1,0
5.17,47.05,3.43,80.5,2,3,4,5.0,516.7,37.0,0,33.3,1
0.33,13.22,1.74,54.5,4,0,0,43.2,704.5,15.0,1,999.0,0
1.73,14.52,3.83,36.8,3,1,2,7.6,1298.0,16.2,1,5.6,0
8.39,26.82,8.07,90.0,3,1,3,22.3,1190.9,9.3,2,26.3,0
0.11,3.38,3.23,45.8,2,0,0,44.1,857.8,4.5,1,999.0,1
7.58,54.6,13.31,32.1,2,1,3,5.0,571.9,29.8,1,40.1,1
1.49,12.06,4.71,62.2,1,1,3,7.4,2017.5,11.0,1,39.4,1
0.57,3.12,10.76,90.8,3,1,2,35.4,2575.8,23.9,3,44.0,1
5.37,54.44,20.32,20.3,3,0,0,6.9,2055.6,26.8,0,999.0,0
4.46,86.25,19.56,37.9,2,0,0,19.1,875.0,19.0,1,999.0,1
9.45,75.44,10.64,90.4,2,1,4,5.0,749.8,33.5,1,19.5,1
5.98,76.29,3.63,32.8,2,0,0,5.0,683.3,18.0,3,999.0,1
7.32,31.11,8.46,28.5,3,0,0,26.7,484.9,12.3,4,999.0,0
1.49,58.18,10.87,62.8,4,3,2,5.0,1500.8,34.3,1,36.9,1
0.88,7.7,33.46,84.6,2,1,4,23.1,1633.2,33.0,2,44.4,0
6.25,77.5,1.72,55.8,2,1,1,5.0,1878.5,7.9,4,11.9,1
7.4,127.69,8.48,94.6,1,0,0,26.3,1816.5,2.9,2,999.0,1
20.96,154.08,13.01,70.9,3,0,0,12.8,866.2,5.2,0,999.0,1
2.39,78.61,9.41,25.6,3,0,0,5.0,959.3,12.3,0,999.0,1
2.09,20.27,10.11,94.5,4,0,0,55.9,1819.7,37.0,3,999.0,1
6.74,28.24,4.93,50.6,2,1,2,8.0,1006.1,22.1,4,11.7,1
1.88,21.03,15.62,41.6,5,1,1,8.6,670.9,15.4,0,3.7,1
12.02,84.3,8.97,61.8,1,0,0,20.9,1067.1,34.0,0,999.0,1
8.8,39.59,10.09,42.8,3,0,0,32.9,816.6,18.3,2,999.0,0
2.52,23.17,16.66,26.5,1,0,0,27.8,366.4,13.3,1,999.0,0
6.25,81.03,7.03,20.1,4,0,0,8.0,2183.8,35.9,3,999.0,0
6.32,50.39,18.91,53.7,3,0,0,29.8,2240.1,32.6,1,999.0,0
0.49,25.54,3.13,82.8,3,3,3,5.0,688.4,32.4,5,5.2,1
10.48,84.15,10.47,62.9,4,1,2,5.0,308.7,20.4,0,42.9,1
3.17,56.25,4.7,94.9,2,1,1,26.3,1960.1,30.4,1,12.9,1
7.88,85.97,3.78,41.5,1,0,0,13.9,668.2,8.5,2,999.0,1
1.74,16.87,25.6,41.0,4,2,1,5.0,1113.9,22.6,2,40.5,0
10.16,113.66,3.28,32.0,2,1,4,5.0,307.1,37.4,2,30.6,1
2.22,28.64,9.09,32.3,1,1,3,5.0,704.4,12.5,2,28.0,1
0.05,2.99,3.06,41.4,2,0,0,35.8,2092.6,30.6,2,999.0,1
10.61,53.95,18.21,79.5,3,3,2,7.4,2120.8,19.7,2,37.4,1
0.43,21.46,6.54,87.9,1,2,3,15.7,657.4,3.4,1,39.6,1
1.73,17.07,16.6,93.1,2,2,2,22.9,973.0,29.5,2,29.1,1
13.49,99.7,12.73,37.4,1,0,0,5.8,478.9,8.1,1,999.0,0
13.54,93.15,30.54,86.1,2,0,0,28.5,331.7,24.7,2,999.0,1
3.83,20.38,2.55,44.6,4,0,0,33.3,2580.8,5.1,1,999.0,0
4.5,33.47,4.11,28.5,5,0,0,24.2,1756.2,36.1,0,999.0,1
2.68,39.15,16.05,85.3,3,2,2,5.0,1478.1,12.5,3,24.6,1
1.56,22.81,10.8,67.7,2,0,0,35.8,2025.5,10.2,2,999.0,0
1.79,11.5,7.4,32.4,4,0,0,27.9,2208.2,6.6,1,999.0,0
5.02,29.22,27.2,52.2,3,0,0,35.8,2126.5,36.1,3,999.0,1
6.28,48.42,8.67,41.5,2,0,0,23.0,190.5,27.6,1,999.0,0
7.06,76.68,4.84,75.3,4,0,0,38.3,607.7,28.7,2,999.0,1
7.01,27.05,16.73,54.0,3,2,4,5.0,1754.5,20.0,2,42.4,1
0.43,17.59,8.87,94.2,3,1,1,35.4,1070.6,19.1,1,42.9,0
3.07,27.67,9.34,24.1,3,0,0,30.1,2557.1,6.0,7,999.0,0
0.27,6.86,13.42,46.6,2,0,0,39.6,1780.2,22.2,1,999.0,1
3.59,51.41,13.75,56.1,2,0,0,34.3,2493.5,10.9,3,999.0,1
2.62,30.08,4.06,57.7,3,0,0,47.2,643.5,37.2,1,999.0,0
9.84,57.39,7.1,43.7,2,1,2,5.0,2266.7,30.7,1,35.0,1
1.94,15.17,2.84,74.7,2,1,2,24.6,937.3,16.9,2,28.5,1
0.56,3.39,10.91,85.6,3,1,2,32.1,2574.4,7.4,2,44.2,0
0.69,14.54,25.33,90.4,3,1,2,22.5,536.3,30.3,1,31.0,0
6.45,46.85,4.2,80.4,2,0,0,40.6,1415.0,6.4,3,999.0,1
4.33,29.3,2.39,83.8,3,3,2,5.3,2092.5,8.8,0,3.1,0
0.48,8.46,5.45,61.3,4,2,1,17.7,1210.0,9.6,4,6.7,0
0.4,10.63,7.35,81.9,3,2,2,20.8,1296.8,22.0,0,20.6,1
5.43,60.47,13.83,42.8,2,0,0,19.2,2566.6,30.3,4,999.0,0
0.34,76.68,6.82,49.9,2,3,1,5.0,1192.0,13.3,0,35.3,0
7.76,29.9,11.03,43.8,2,2,1,7.1,1630.0,5.0,0,7.6,1
5.51,65.36,6.06,55.1,1,2,1,5.0,283.6,18.7,1,43.9,1
0.38,9.89,7.64,41.4,2,0,0,37.1,2213.4,28.9,2,999.0,0
0.4,9.75,4.71,92.1,2,1,3,29.3,1738.0,10.0,2,19.6,0
19.42,161.07,3.62,43.5,2,3,2,5.0,1139.8,9.9,3,12.7,1
2.11,49.42,14.14,27.4,4,1,3,5.0,189.6,36.1,3,26.3,1
2.08,57.97,6.37,59.5,1,1,3,5.0,1599.6,36.3,3,3.1,1
7.54,38.89,11.56,24.3,3,3,3,5.0,181.0,37.7,0,7.2,1
13.24,96.34,4.66,28.3,3,0,0,6.7,152.9,31.1,1,999.0,0
19.21,93.13,8.71,36.5,1,1,2,5.0,1659.4,8.8,1,8.8,1
6.3,49.25,1.27,54.8,4,0,0,27.6,613.1,9.6,1,999.0,1
2.12,27.13,6.71,52.5,3,3,2,5.0,620.1,14.2,2,35.8,0
0.39,9.23,5.05,80.0,2,0,0,54.2,1750.5,13.5,4,999.0,0
6.76,37.52,17.76,75.5,3,1,2,19.0,281.6,36.4,2,20.0,1
3.68,20.73,3.17,52.0,2,1,3,11.1,917.8,30.4,5,1.5,1
2.48,13.91,7.86,45.0,3,2,2,5.0,516.1,28.1,1,15.9,1
10.66,88.72,10.82,43.7,1,1,3,5.0,1571.4,8.7,3,31.6,1
0.53,3.43,16.25,78.0,4,2,4,5.0,1771.3,34.7,1,4.5,1
3.05,34.04,14.88,23.9,2,3,1,5.0,1916.8,31.8,2,40.0,0
0.05,4.04,8.29,21.0,3,0,0,35.4,775.3,7.9,1,999.0,0
2.85,13.48,9.1,79.7,2,0,0,44.9,368.7,33.4,1,999.0,1
0.26,1.85,17.75,55.8,3,0,0,42.8,342.8,11.8,2,999.0,0
0.57,5.87,8.18,29.8,3,0,0,37.4,1194.1,4.9,2,999.0,0
0.56,33.61,9.76,37.7,2,1,1,14.7,2467.3,25.6,2,4.2,1
4.71,31.28,18.11,89.9,3,2,3,8.2,683.4,25.5,4,0.7,1
6.17,91.93,33.08,84.5,2,2,2,5.0,779.0,5.4,1,18.7,1
3.94,34.68,10.32,73.2,4,0,0,47.3,397.2,13.5,2,999.0,1
14.74,125.92,12.2,56.2,2,0,0,13.4,1633.6,37.7,2,999.0,1
2.11,28.36,14.61,59.0,4,1,1,14.2,1815.7,26.4,3,37.7,1
1.51,17.03,18.0,93.1,4,1,4,14.8,1725.2,28.3,3,32.4,1
9.13,91.22,16.5,92.4,2,0,0,35.4,2259.8,9.7,3,999.0,1
1.14,9.06,5.72,36.1,2,2,1,6.7,1341.7,4.8,6,33.2,1
14.86,111.87,10.78,80.8,2,3,4,5.0,479.4,12.0,1,42.4,1
0.06,33.95,16.57,34.8,4,0,0,28.9,859.0,11.0,4,999.0,0
15.76,160.38,20.34,36.0,2,2,3,5.0,1773.0,10.4,4,14.1,1
0.2,34.92,7.87,70.7,3,0,0,30.8,1652.1,8.9,4,999.0,0
9.98,78.31,10.61,50.4,4,1,3,5.0,1451.0,22.7,4,22.7,1
3.38,46.2,11.41,89.9,2,0,0,46.9,1823.3,13.8,0,999.0,0
22.31,110.6,8.9,26.7,3,0,0,5.0,1711.6,31.5,1,999.0,1
0.34,11.5,10.43,58.4,2,3,1,5.0,2309.2,8.6,2,30.2,0
3.63,21.65,45.22,88.9,1,0,0,44.4,1585.7,18.7,0,999.0,0
15.68,74.04,7.64,87.8,3,1,1,16.7,2057.6,2.5,2,26.2,0
3.33,24.66,8.06,31.7,1,0,0,31.4,759.3,19.3,3,999.0,0
4.47,27.17,2.16,47.5,2,0,0,39.5,1811.5,4.0,7,999.0,1
5.35,71.15,1.83,66.4,4,0,0,34.5,2360.4,37.2,4,999.0,0
2.73,20.4,11.93,32.0,2,0,0,24.2,1095.0,30.5,2,999.0,1
4.44,32.72,16.61,92.6,5,1,2,22.1,2058.8,19.6,2,41.5,1
3.95,15.54,14.76,88.6,5,0,0,57.7,1925.7,5.1,4,999.0,0
10.41,118.53,4.65,32.5,2,1,1,5.0,295.8,23.3,1,1.1,1
0.21,12.2,14.23,29.1,1,1,2,7.4,1574.7,29.3,1,20.0,1
1.48,15.97,7.97,26.4,3,1,2,5.0,469.0,8.9,4,37.0,0
13.52,106.51,6.66,88.2,2,0,0,23.4,2519.9,22.5,4,999.0,0
9.94,94.96,2.91,34.5,1,2,1,5.0,2137.9,31.3,5,23.3,1
2.74,16.66,5.1,51.2,3,0,0,40.5,418.8,29.7,0,999.0,0
4.36,41.76,12.11,53.7,1,0,0,35.5,448.3,30.9,1,999.0,0
1.46,29.42,10.7,64.9,4,0,0,41.1,1606.5,33.7,1,999.0,0
0.94,19.45,9.69,25.4,1,0,0,27.2,995.0,35.8,0,999.0,0
2.8,16.03,1.13,37.0,1,0,0,32.3,235.5,16.6,1,999.0,0
1.96,37.85,9.76,89.9,2,1,1,34.5,1477.0,22.5,1,31.4,0
3.94,23.96,5.65,88.1,5,0,0,54.0,1100.2,30.5,0,999.0,0
0.36,6.32,10.75,78.6,3,0,0,53.8,397.6,27.1,5,999.0,1
16.49,137.2,18.33,21.5,4,1,3,5.0,2114.7,37.8,1,36.7,1
19.28,111.37,6.29,44.5,2,0,0,7.0,2391.9,2.5,1,999.0,1
5.39,44.25,9.29,67.1,2,0,0,39.3,2003.7,14.8,2,999.0,1
3.46,39.6,27.11,40.6,2,0,0,27.7,2164.9,12.1,7,999.0,0
1.67,7.6,10.4,88.2,2,1,1,41.3,680.4,11.4,5,3.5,0
7.56,49.92,8.54,67.5,3,0,0,42.1,795.8,10.0,3,999.0,0
5.19,38.09,4.71,25.4,3,0,0,21.3,660.9,27.5,0,999.0,0
0.8,3.66,14.47,88.2,2,1,1,37.3,2024.4,5.1,1,11.6,0
10.88,121.74,4.1,91.8,4,1,3,5.0,2472.4,28.7,3,16.2,1
7.78,35.59,18.83,25.8,2,1,4,5.0,1906.3,27.0,0,33.4,1
13.46,87.54,13.2,59.9,5,2,2,5.0,2309.6,11.0,1,22.5,1
5.82,41.82,5.8,42.8,1,0,0,28.4,1714.8,11.1,1,999.0,1
4.28,20.01,4.83,49.5,2,0,0,38.8,1099.8,24.6,5,999.0,0
2.44,8.08,4.92,33.5,2,0,0,26.4,1193.1,29.4,3,999.0,1
12.15,103.45,1.86,63.4,2,0,0,15.6,334.5,33.6,2,999.0,1
9.05,99.04,11.75,91.8,3,0,0,28.6,227.1,32.7,4,999.0,0
0.21,4.49,1.29,57.7,2,0,0,42.2,1853.9,36.7,2,999.0,1
0.12,17.28,8.17,26.2,2,1,1,13.3,1224.2,22.9,1,10.2,1
2.13,27.31,7.81,66.5,3,1,2,21.3,1502.9,34.7,3,34.4,1
7.49,76.78,6.88,45.5,3,0,0,17.4,1516.3,31.1,1,999.0,1
19.64,163.75,11.7,84.2,4,1,4,5.0,829.6,34.2,3,40.7,1
0.73,8.49,5.81,52.6,2,0,0,34.4,1315.9,2.4,5,999.0,0
4.06,20.96,9.78,34.5,3,0,0,36.3,1303.4,36.8,2,999.0,1
2.16,26.49,18.83,34.3,3,1,3,5.0,1101.6,19.0,2,30.7,0
15.77,96.66,12.6,77.7,2,0,0,22.4,2160.7,30.7,1,999.0,1
8.31,32.12,6.46,39.9,2,0,0,31.9,1255.4,6.6,3,999.0,0
8.2,59.93,8.71,77.5,2,0,0,36.6,1628.9,16.3,4,999.0,0
2.85,44.26,6.89,35.4,1,3,3,5.0,2344.0,11.8,1,19.9,0
2.41,38.03,7.73,44.1,2,1,2,6.6,2272.3,12.5,5,44.4,1
1.44,74.33,9.98,54.9,1,0,0,18.7,2331.5,6.4,2,999.0,0
0.26,22.9,2.79,90.7,3,2,2,16.2,811.5,31.0,3,32.4,1
9.0,62.19,2.25,89.9,3,1,1,24.4,235.7,2.3,1,26.4,0
7.54,47.57,4.4,35.5,5,1,3,5.0,789.6,13.3,4,22.8,0
36.78,241.28,12.06,46.9,3,2,3,5.0,832.8,8.3,0,43.7,1
25.63,145.64,13.12,31.2,1,0,0,5.0,2377.9,23.2,5,999.0,1
3.65,30.51,14.37,58.2,4,0,0,33.3,1740.6,11.2,4,999.0,1
6.59,42.62,4.54,54.5,4,1,4,5.0,350.2,11.3,2,31.3,1
13.03,99.62,9.25,87.6,2,1,2,5.0,481.7,19.6,3,12.0,1
8.53,67.51,6.6,89.8,3,1,1,21.4,531.4,25.5,1,40.6,1
1.28,18.23,7.96,48.8,5,1,2,9.2,1694.5,6.4,2,19.6,0
2.69,58.66,6.52,56.9,3,3,3,5.0,1951.8,8.3,1,36.7,1
0.62,3.81,10.35,87.2,4,2,3,16.8,2256.1,10.9,5,17.8,1
13.86,103.56,5.29,80.5,1,2,1,5.0,2454.6,37.1,1,38.4,1
4.19,41.76,17.56,20.3,2,2,2,5.0,644.2,16.3,3,28.8,1
1.17,13.27,17.65,44.0,2,3,2,5.0,908.9,23.6,2,6.8,0
5.01,34.11,11.82,51.6,3,0,0,33.7,738.8,10.7,3,999.0,0
4.33,43.35,16.31,37.2,4,0,0,21.6,1029.0,19.7,0,999.0,0
2.0,12.41,2.7,35.0,5,0,0,23.7,2390.9,4.7,4,999.0,0
0.54,12.5,18.19,22.8,2,2,2,5.0,1559.0,3.3,1,8.1,1
5.01,32.21,11.1,68.3,1,1,4,11.4,1958.6,18.9,2,1.5,1
3.31,29.4,5.53,39.7,4,1,2,6.4,1350.8,16.4,2,9.9,0
6.66,65.07,5.12,23.9,3,0,0,7.0,220.7,6.9,2,999.0,1
3.3,45.12,22.01,37.3,2,0,0,23.5,307.3,26.8,1,999.0,0
8.6,52.99,14.51,80.1,2,1,3,5.0,1467.9,37.7,2,22.8,0
3.61,29.85,7.81,83.9,3,0,0,54.1,1911.0,16.2,0,999.0,1
3.7,24.87,2.67,56.2,3,0,0,38.3,677.6,24.5,5,999.0,1
9.42,112.28,18.76,51.2,2,0,0,5.0,1918.7,36.7,4,999.0,1
2.32,34.08,3.65,93.3,2,0,0,50.3,2136.1,31.9,5,999.0,1
0.65,24.63,6.69,35.0,5,1,2,6.7,1159.1,18.7,2,39.7,1
0.13,30.39,7.81,36.2,3,0,0,25.5,1978.7,28.5,4,999.0,0
6.33,27.27,5.06,41.9,2,1,3,5.0,1139.9,6.6,3,32.2,1
4.36,49.69,7.57,33.0,2,0,0,13.8,1812.0,20.4,0,999.0,1
5.48,32.15,8.63,48.5,3,2,2,5.0,2021.8,12.0,0,0.5,1
1.08,14.14,7.46,88.3,2,0,0,52.3,2580.2,7.8,1,999.0,0
0.66,8.44,10.69,66.2,2,1,3,6.5,996.2,17.3,3,37.1,0
0.07,57.97,22.5,50.9,3,1,2,5.0,1157.0,6.7,2,6.0,0
1.94,36.41,2.79,90.1,2,0,0,54.5,555.8,27.2,3,999.0,0
4.01,36.66,9.63,23.6,3,2,2,5.0,650.0,18.4,3,29.9,1
2.24,34.46,3.68,35.8,1,1,1,16.4,1848.8,21.1,1,29.5,1
2.59,26.31,2.55,62.4,3,0,0,42.3,2396.8,7.3,3,999.0,1
10.55,95.58,15.55,66.2,2,0,0,22.8,1116.8,7.0,1,999.0,1
1.93,19.86,10.18,23.0,1,3,2,5.0,590.6,23.0,3,19.6,0
3.25,24.38,2.41,50.2,1,1,2,10.9,848.5,37.5,6,4.8,1
6.89,50.38,7.56,68.7,4,0,0,34.5,1264.9,5.5,1,999.0,1
2.27,40.1,4.41,72.4,4,0,0,39.0,862.1,12.3,3,999.0,0
4.38,53.94,7.75,67.9,2,2,2,5.0,722.3,33.3,5,40.5,1
8.92,69.16,13.42,44.0,3,1,4,5.0,1953.2,4.6,2,24.0,1
13.44,61.89,12.57,27.0,3,1,1,5.0,169.2,33.5,4,38.3,1
0.72,32.01,6.55,52.0,5,0,0,28.2,1471.1,20.9,1,999.0,0
11.75,61.14,16.0,29.7,2,1,3,5.0,2094.7,16.7,1,10.6,1
3.05,31.27,19.73,91.1,3,0,0,54.3,802.3,13.1,0,999.0,1
1.34,62.41,13.56,55.6,1,0,0,27.8,1628.1,12.7,1,999.0,0
2.77,17.46,5.79,43.8,2,1,4,5.0,1788.8,13.0,3,36.2,0
17.61,136.26,7.92,77.5,5,3,1,5.0,1754.8,33.9,3,17.7,1
3.05,34.51,22.07,57.3,3,0,0,34.9,1242.3,28.1,2,999.0,1
1.79,36.58,6.91,43.3,2,0,0,29.6,999.1,26.1,0,999.0,0
4.52,40.29,12.59,80.9,1,1,3,9.4,2198.0,30.8,2,4.0,1
1.24,60.42,5.01,85.0,3,1,2,16.9,2008.2,11.3,1,34.3,0
0.36,2.99,16.07,70.5,3,2,1,18.7,937.1,24.2,3,20.3,1
0.62,14.31,4.58,23.5,2,1,2,5.0,402.4,18.6,0,32.8,0
0.62,21.07,8.16,62.5,5,0,0,45.5,325.9,30.2,1,999.0,0
0.74,33.92,12.31,77.2,1,4,4,5.0,381.0,13.1,3,6.5,1
0.67,5.49,24.83,30.2,2,1,1,16.8,1578.0,25.2,4,6.9,1
4.61,54.96,10.06,37.2,4,2,2,5.0,276.6,33.8,0,34.1,1
0.9,17.09,7.21,86.2,2,1,2,25.3,975.5,16.5,2,32.6,1
1.91,19.79,6.83,21.5,2,2,4,5.0,1995.3,4.4,1,17.3,1
10.22,34.91,15.64,76.5,3,0,0,42.8,871.2,20.6,1,999.0,1
2.89,39.97,11.68,55.5,4,0,0,34.4,2020.1,14.5,2,999.0,0
4.96,35.18,13.25,53.5,1,2,1,5.0,1976.4,26.2,1,13.3,1
0.85,8.42,21.14,20.5,4,0,0,28.9,752.3,36.2,4,999.0,0
0.96,8.36,9.03,81.5,3,0,0,63.0,1935.6,19.5,3,999.0,0
0.19,31.34,11.16,47.0,2,2,3,5.0,1982.1,18.8,3,19.2,0
0.83,23.23,6.77,60.6,3,2,3,5.0,1123.8,25.6,5,5.9,0
1.47,33.72,4.87,70.8,2,0,0,45.9,665.5,5.7,3,999.0,1
0.88,8.5,5.61,72.7,2,2,3,16.6,1427.1,11.1,2,40.4,0
0.42,16.58,0.84,91.7,3,1,4,22.3,2407.4,35.1,2,26.6,1
0.58,15.47,12.23,59.9,5,1,3,6.9,1717.1,26.1,2,42.1,0
2.78,45.93,11.44,50.0,1,2,1,5.0,573.7,2.5,3,15.9,0
1.04,42.04,12.07,91.5,2,0,0,43.0,1822.8,9.4,4,999.0,0
2.04,8.19,4.62,68.2,2,0,0,51.4,1196.6,26.6,1,999.0,1
3.15,29.01,5.68,42.4,2,0,0,23.6,1599.2,29.5,1,999.0,1
5.28,19.22,5.54,29.5,2,1,2,5.0,1948.5,32.2,0,6.3,1
0.18,13.08,17.05,83.2,1,1,2,24.5,1411.6,12.5,6,0.6,0
7.23,54.4,9.81,47.2,3,2,2,5.0,2144.3,35.5,0,42.0,1
4.45,24.74,8.96,69.5,2,2,2,6.0,1919.3,21.9,1,25.2,1
0.38,7.72,14.03,55.3,2,1,2,19.5,1656.9,27.1,4,41.7,0
9.31,46.31,5.56,34.9,4,2,2,5.0,519.4,23.5,0,15.4,0
11.42,95.58,10.99,65.1,4,0,0,15.7,2198.1,6.4,2,999.0,1
0.28,21.06,26.77,24.6,2,0,0,27.9,2443.0,36.7,1,999.0,1
1.46,17.76,18.7,51.0,2,2,4,5.0,485.6,6.4,1,31.9,1
7.38,46.28,10.88,61.0,3,0,0,28.6,1346.2,11.2,2,999.0,0
6.21,53.45,9.19,52.7,2,0,0,38.9,784.3,31.3,2,999.0,0
0.92,8.75,12.0,76.2,2,1,1,36.0,1998.6,24.3,2,1.6,1
1.06,12.32,20.29,82.1,3,0,0,52.5,1918.0,32.2,2,999.0,1
2.08,30.0,19.42,77.8,1,2,4,5.1,495.2,20.6,2,15.2,0
2.98,26.56,22.36,22.9,1,0,0,31.6,2298.7,15.6,2,999.0,0
4.33,27.83,10.18,34.6,1,0,0,26.5,593.4,35.2,4,999.0,0
2.07,18.73,1.28,60.2,2,0,0,43.2,2103.3,3.3,1,999.0,0
2.79,52.32,25.64,90.1,1,1,2,15.9,1269.6,32.8,1,6.6,1
6.19,63.97,4.86,82.6,5,0,0,37.3,954.3,10.3,2,999.0,0
0.17,17.87,13.88,83.2,2,1,3,21.1,537.7,32.6,2,18.7,1
1.31,20.85,1.31,42.7,1,2,3,5.0,560.7,7.0,3,18.7,0
5.62,47.75,8.84,52.2,2,2,2,5.0,1771.6,22.9,2,14.6,1
10.15,69.13,6.91,55.3,4,0,0,26.9,1498.6,34.0,1,999.0,0
3.23,39.92,22.39,31.8,3,0,0,23.5,449.1,19.0,4,999.0,1
3.42,24.64,10.97,22.3,2,1,2,5.0,426.1,28.9,4,43.7,0
0.51,8.48,8.77,91.0,4,3,2,5.7,327.2,31.0,3,42.5,1
2.67,21.62,11.76,38.1,2,4,2,5.0,1972.2,28.5,3,22.0,1
3.42,20.95,0.5,38.0,2,0,0,29.4,1894.1,35.3,0,999.0,0
1.25,64.82,5.46,26.3,2,1,4,5.0,293.2,18.1,4,30.5,1
1.41,11.83,6.1,89.6,2,0,0,51.0,1522.7,8.2,3,999.0,0
2.13,19.76,12.96,63.5,2,0,0,40.9,357.5,3.7,2,999.0,0
0.09,3.41,4.06,70.0,3,0,0,55.3,2364.2,10.9,4,999.0,0
1.75,61.97,9.89,88.4,2,0,0,39.7,2372.4,7.2,1,999.0,0
1.07,7.36,8.21,45.9,3,0,0,40.8,1860.7,22.1,1,999.0,0
1.79,18.58,5.68,66.6,1,0,0,43.7,2419.2,8.7,1,999.0,0
0.57,24.51,5.96,22.9,2,1,3,5.0,2138.1,3.4,3,20.4,0
9.95,60.13,8.16,34.0,2,0,0,16.1,2179.9,3.3,4,999.0,1
4.05,22.86,1.7,82.3,4,1,1,35.5,1545.8,31.9,6,8.9,1
5.11,26.78,14.15,77.5,2,0,0,39.1,899.8,23.3,2,999.0,0
7.01,59.68,4.83,46.3,3,0,0,21.1,683.6,14.9,3,999.0,1
3.11,23.95,7.23,48.3,2,0,0,36.0,951.6,34.2,3,999.0,1
0.41,5.26,21.9,60.0,1,0,0,48.1,1689.8,4.5,4,999.0,0
3.47,34.44,14.3,20.0,1,1,1,8.1,573.0,37.3,2,7.9,1
3.98,33.75,3.5,38.1,2,0,0,25.1,783.7,24.2,1,999.0,0
6.16,49.61,0.39,35.6,2,1,2,5.0,1296.7,8.6,3,15.6,1
2.54,35.35,12.08,38.8,2,0,0,23.6,721.0,26.4,2,999.0,0
0.61,54.5,7.43,80.4,3,1,1,28.5,1592.2,29.5,2,19.6,0
1.5,24.06,9.93,41.0,1,1,3,5.3,2411.8,17.5,5,29.2,1
2.03,11.97,14.0,34.4,3,0,0,27.3,1982.8,33.0,3,999.0,1
4.67,34.86,15.4,57.8,2,0,0,37.1,1782.7,7.4,2,999.0,0
3.81,70.65,6.45,84.9,3,0,0,36.8,1577.7,12.0,1,999.0,0
1.98,18.93,8.07,38.1,3,1,1,16.6,1345.5,5.4,2,38.4,1
19.38,123.16,11.19,25.9,2,0,0,5.0,607.1,9.6,1,999.0,1
4.19,29.99,11.67,46.7,2,1,2,6.5,2342.0,10.6,5,34.6,0
1.22,21.63,9.87,76.1,3,1,1,36.6,758.9,35.0,4,10.1,0
0.48,19.51,20.44,61.3,4,3,2,5.0,373.7,4.8,1,37.4,1
0.75,10.41,11.59,81.3,2,1,3,27.6,1987.5,17.4,1,41.6,1
1.27,4.31,13.87,92.0,1,1,2,35.0,580.3,21.2,3,28.8,0
0.79,53.31,10.42,79.4,4,0,0,48.1,1061.1,34.4,3,999.0,0
0.93,7.73,4.04,65.3,2,3,4,5.0,219.3,37.9,5,40.3,1
1.51,26.92,5.45,57.0,3,1,4,5.0,485.8,29.1,1,35.8,1
0.86,24.47,3.38,23.0,2,0,0,30.6,574.3,36.9,0,999.0,0
10.22,55.69,16.47,93.8,1,2,2,7.3,283.3,30.3,0,2.1,1
0.38,7.71,2.4,48.8,3,0,0,47.6,1758.8,36.7,4,999.0,0
3.35,28.84,7.84,31.4,3,2,1,5.0,2200.7,27.5,0,6.6,1
2.38,29.5,6.7,70.0,2,2,3,5.0,1064.6,4.9,1,10.4,0
18.17,133.95,6.58,41.3,2,0,0,5.0,2292.7,16.5,1,999.0,1
0.53,47.17,6.99,63.9,3,1,4,5.0,672.7,25.3,3,12.3,1
2.28,14.33,22.78,64.0,3,0,0,45.0,947.2,14.6,4,999.0,0
15.7,72.98,1.58,53.4,1,0,0,28.0,519.3,11.8,4,999.0,1
9.03,96.02,18.91,82.7,3,0,0,36.4,1670.4,22.8,2,999.0,0
7.64,69.27,7.41,39.9,3,1,3,5.0,1178.7,35.6,3,29.7,1
1.34,42.07,14.78,53.6,3,0,0,35.5,1652.5,3.3,2,999.0,0
0.84,8.61,9.15,60.3,3,0,0,48.4,2016.1,29.7,2,999.0,1
4.97,47.11,3.67,69.8,2,1,1,24.6,1487.0,28.0,3,27.1,0
11.93,63.44,20.01,78.8,3,0,0,38.9,1687.7,36.7,2,999.0,1
3.66,36.53,18.16,49.6,3,0,0,21.7,2441.4,35.5,3,999.0,0
3.81,19.49,3.9,68.5,1,0,0,44.2,882.7,29.4,1,999.0,0
1.48,6.49,12.67,31.3,2,0,0,26.4,1030.0,20.7,1,999.0,0
6.6,56.91,5.64,89.9,2,0,0,42.4,1908.4,9.4,1,999.0,1
0.93,11.79,2.49,48.7,3,0,0,43.3,1647.7,21.6,5,999.0,0
1.76,15.13,4.84,74.7,2,3,4,5.0,587.4,29.6,4,28.3,0
2.49,59.89,19.3,21.5,3,1,2,5.0,1071.6,34.2,1,22.8,1
3.19,29.96,15.0,35.4,4,0,0,28.6,1296.2,30.4,2,999.0,1
1.25,32.49,7.05,56.5,3,0,0,29.2,1177.5,9.0,4,999.0,1
0.55,6.3,19.36,85.9,4,0,0,44.1,586.8,23.6,0,999.0,0
4.24,45.03,17.32,59.5,5,1,3,5.0,2414.9,14.0,3,16.5,1
1.53,65.91,4.85,89.7,1,0,0,39.5,2017.7,2.3,4,999.0,1
3.92,17.05,22.24,56.3,3,0,0,35.3,1329.3,9.2,5,999.0,0
0.75,3.73,6.65,56.8,2,2,4,5.0,1816.1,6.1,2,8.5,0
2.95,28.95,7.31,29.0,4,0,0,20.7,2348.3,32.3,1,999.0,1
3.42,21.21,1.62,80.2,2,0,0,48.8,483.6,11.3,3,999.0,0
0.24,21.42,5.56,38.5,5,2,1,5.0,763.4,12.2,1,7.3,0
1.85,49.46,7.88,87.5,3,1,4,9.5,1479.6,36.6,4,2.0,1
0.65,10.6,10.61,88.3,3,0,0,64.6,2107.6,15.6,1,999.0,0
0.29,6.47,3.68,90.7,1,1,2,29.7,238.8,2.3,2,44.1,0
20.71,91.63,5.02,59.0,2,0,0,23.5,2560.8,12.2,2,999.0,1
1.75,32.92,22.53,70.8,3,1,4,6.2,1264.5,6.3,2,27.0,1
7.47,36.29,16.62,78.4,1,0,0,47.9,1030.1,5.7,5,999.0,1
1.32,19.48,18.52,29.8,4,2,2,5.0,867.2,4.8,3,20.3,0
5.15,33.53,8.34,65.1,1,3,4,5.0,577.2,23.4,2,44.3,1
6.43,44.33,10.81,22.6,3,3,1,5.0,2089.4,8.8,3,13.7,0
4.07,34.24,12.85,57.3,2,2,3,5.0,2490.8,15.0,4,11.2,1
2.87,41.69,22.33,31.6,3,1,2,5.0,1163.4,33.0,3,28.9,1
2.39,13.0,2.45,33.7,3,0,0,30.1,2483.4,17.3,1,999.0,0
1.93,13.46,5.98,47.4,2,0,0,39.7,2168.3,35.0,0,999.0,1
11.94,110.4,10.18,52.4,1,1,2,5.0,1328.6,19.9,7,14.1,1
7.99,79.51,9.18,66.7,1,2,1,5.0,1801.4,16.4,2,28.0,1
15.09,90.22,4.97,25.6,3,0,0,6.4,1215.7,29.0,4,999.0,1
0.6,7.24,12.15,57.8,3,2,3,5.0,1518.9,4.6,0,2.8,1
5.91,33.52,6.15,33.7,3,2,1,5.0,292.2,5.2,1,41.1,0
12.54,85.96,8.74,63.0,3,3,2,5.0,1855.8,25.5,2,39.8,0
0.9,6.98,11.81,67.8,2,2,2,12.4,279.4,19.5,1,43.7,0
0.31,2.86,6.36,61.8,2,0,0,48.0,2151.9,30.5,1,999.0,1
6.08,38.27,14.23,75.4,1,0,0,43.9,2171.1,35.0,0,999.0,1
3.84,46.6,15.87,45.2,2,0,0,28.4,730.8,16.0,1,999.0,1
8.3,42.75,5.11,77.4,5,0,0,32.9,943.0,23.5,0,999.0,0
0.68,20.79,6.12,52.5,4,1,4,5.0,1329.2,20.0,2,8.9,1
7.14,39.85,4.13,56.3,2,2,1,5.0,1611.8,37.3,3,13.4,1
1.01,51.68,8.61,68.6,3,2,1,11.8,854.0,31.9,2,40.1,1
0.8,30.02,10.6,21.4,4,1,1,5.0,1601.6,34.8,8,8.2,0
0.81,29.29,6.8,69.0,2,0,0,41.3,879.6,11.2,2,999.0,0
7.58,70.01,10.41,66.4,1,0,0,33.4,286.0,29.8,0,999.0,1
4.92,69.06,6.0,43.2,1,0,0,20.9,156.2,11.6,5,999.0,1
3.33,31.84,6.14,26.4,3,0,0,16.7,397.8,9.5,2,999.0,1
2.0,16.12,10.96,26.8,5,1,2,5.0,2091.0,36.0,1,12.5,1
9.44,80.68,6.44,89.2,3,0,0,34.3,2505.5,2.7,2,999.0,0
2.24,30.13,8.3,71.7,1,0,0,34.5,1196.1,36.8,2,999.0,0
7.63,74.47,11.21,29.5,2,0,0,7.5,1406.1,7.4,3,999.0,1
2.6,25.34,10.31,46.8,3,1,1,14.5,509.8,31.5,3,9.3,0
2.13,8.27,6.06,64.4,4,0,0,45.9,1500.0,11.9,1,999.0,0
2.8,16.16,16.87,82.7,3,0,0,44.9,504.4,14.6,2,999.0,1
1.61,45.57,2.33,23.3,3,0,0,22.6,1647.5,9.8,3,999.0,0
6.2,56.07,0.28,37.7,1,3,2,5.0,2436.5,23.1,3,20.8,1
3.14,32.15,12.48,86.7,4,0,0,49.6,629.5,14.5,2,999.0,1
1.19,12.95,10.18,20.7,3,1,4,5.0,2023.2,25.7,3,5.9,0
10.34,64.67,3.7,35.1,2,1,3,5.0,207.6,2.6,3,36.2,1
2.18,45.19,9.33,91.9,3,1,2,26.1,1070.0,4.3,1,35.4,0
3.53,29.66,5.48,66.0,2,3,1,5.0,421.3,5.6,3,1.5,0
10.66,72.71,11.91,39.6,1,0,0,11.5,1013.6,17.1,0,999.0,1
4.4,31.86,0.38,25.0,2,0,0,24.6,575.2,31.3,1,999.0,1
0.56,16.85,7.24,22.1,2,0,0,32.4,1064.6,34.0,4,999.0,1
12.65,56.18,5.87,38.4,2,1,3,5.0,1172.9,10.8,2,33.3,1
4.45,44.97,14.26,86.1,2,0,0,49.9,886.4,22.7,3,999.0,1
1.84,20.62,1.68,51.2,3,0,0,34.2,1758.7,29.7,4,999.0,0
0.67,14.16,8.94,74.0,2,1,1,23.1,2401.2,12.4,1,20.8,0
7.11,70.22,12.39,88.9,2,1,3,16.4,1131.5,16.7,3,8.7,1
4.35,68.36,24.84,50.6,1,0,0,32.5,621.2,20.9,0,999.0,0
3.43,18.51,6.13,34.3,3,1,2,13.6,813.3,6.9,1,23.7,0
10.09,88.52,10.72,58.8,2,1,2,5.0,2242.3,2.9,1,2.9,0
6.99,53.64,1.79,88.1,2,0,0,37.8,1550.5,7.5,3,999.0,1
0.74,11.46,8.63,80.3,4,0,0,47.4,1264.8,24.6,2,999.0,0
1.68,8.82,17.62,24.9,3,1,2,5.0,516.6,4.7,1,37.4,0
1.29,14.63,24.98,71.9,4,1,4,11.4,1251.8,8.8,1,12.6,1
6.13,40.63,11.38,62.9,2,0,0,44.1,832.3,14.2,2,999.0,1
0.15,1.77,2.32,88.1,1,0,0,58.4,2460.7,4.8,4,999.0,0
3.8,32.68,19.35,29.2,3,1,1,6.8,2316.0,8.9,3,41.4,0
6.47,64.65,2.34,60.1,2,3,2,5.0,355.6,34.8,6,35.1,1
9.42,47.0,3.41,86.0,2,1,1,24.6,1415.8,2.7,2,36.7,0
1.88,30.49,20.35,50.8,1,0,0,43.9,701.4,25.5,3,999.0,0
7.75,32.17,8.21,56.1,4,0,0,45.6,1156.4,15.8,3,999.0,0
0.53,17.62,5.64,25.3,1,2,3,5.0,2298.3,26.2,5,30.6,1
8.43,64.88,13.47,40.9,4,0,0,16.0,1442.4,23.2,0,999.0,1
0.61,5.29,9.67,44.3,4,4,4,5.0,968.8,10.0,1,44.3,1
2.28,15.36,16.67,90.9,2,3,2,6.6,659.3,32.5,2,24.6,1
7.18,33.37,9.97,41.2,3,0,0,22.7,2110.8,19.7,2,999.0,0
0.73,8.71,10.12,54.6,3,3,2,5.0,1680.1,31.6,2,30.9,1
1.17,21.4,16.3,70.3,4,0,0,51.3,1296.8,16.6,2,999.0,0
5.76,61.7,8.14,32.2,2,2,4,5.0,682.8,37.4,6,8.4,1
5.73,67.43,4.42,56.5,3,0,0,18.9,968.9,29.7,6,999.0,1
4.61,50.58,13.95,75.4,2,0,0,32.6,2501.6,36.8,2,999.0,0
5.33,22.7,7.06,85.0,4,1,2,28.0,1424.2,20.5,0,8.1,0
3.52,29.81,10.49,67.0,2,1,2,14.7,1131.7,19.1,3,1.5,0
1.31,12.47,1.43,70.2,2,0,0,46.1,1427.5,29.2,1,999.0,1
1.91,14.65,7.91,29.5,3,1,2,10.0,2058.5,33.7,5,39.0,0
0.9,14.16,5.93,90.9,4,0,0,60.3,983.3,36.7,2,999.0,0
10.76,48.12,1.38,29.9,3,0,0,25.9,587.8,13.7,3,999.0,1
3.94,32.78,8.08,78.1,2,0,0,40.4,1583.1,30.8,2,999.0,1
2.31,19.19,8.27,39.9,2,0,0,30.5,1779.8,9.6,2,999.0,0
2.79,40.91,10.99,90.0,5,0,0,52.0,1896.2,21.6,1,999.0,0
13.24,111.39,17.44,74.0,3,0,0,22.1,2310.9,8.5,4,999.0,1
0.75,10.63,15.75,76.5,4,0,0,58.9,1059.4,14.5,1,999.0,0
3.97,51.83,6.24,36.4,1,0,0,22.9,334.6,35.5,1,999.0,1
3.17,65.0,9.81,53.2,2,0,0,33.7,2498.0,7.3,1,999.0,0
4.25,21.58,12.02,66.3,3,3,3,5.0,1215.8,24.8,3,29.1,1
0.08,7.12,6.37,77.7,4,0,0,58.2,1677.0,23.3,3,999.0,0
9.26,68.73,2.54,27.8,1,3,1,5.0,1782.4,6.3,6,23.1,1
12.1,136.7,7.5,92.2,4,1,3,5.0,1489.0,13.7,2,6.3,1
3.75,43.88,17.89,86.8,3,1,2,26.4,652.9,22.3,2,39.3,0
5.37,19.26,2.43,40.3,2,1,1,22.4,2000.1,8.7,4,16.4,0
11.51,58.25,4.07,81.7,2,2,3,5.0,2119.2,30.8,0,28.4,0
5.53,35.91,4.79,58.9,2,0,0,35.3,1504.8,37.0,4,999.0,1
0.74,13.65,4.1,54.6,3,1,2,23.4,1347.0,9.7,2,9.7,1
3.86,32.33,13.5,43.6,1,1,1,5.0,429.1,8.7,6,44.6,0
4.2,47.2,5.46,63.6,2,1,3,5.0,355.7,18.4,1,34.0,1
2.48,27.78,13.73,74.7,4,2,4,5.0,981.9,28.9,4,43.3,1
6.0,68.08,8.93,50.8,1,0,0,22.5,911.6,12.1,7,999.0,0
12.26,93.69,1.92,67.2,2,1,4,5.0,2486.5,2.7,3,7.8,1
11.69,101.17,6.47,72.4,2,1,4,5.0,2069.9,21.5,2,22.9,1
2.7,17.65,16.04,73.3,3,0,0,50.6,1766.8,36.4,2,999.0,1
0.54,17.09,9.61,23.9,3,0,0,21.6,1418.2,16.1,3,999.0,1
18.85,62.34,6.83,84.5,2,1,4,6.2,560.1,17.1,2,33.1,1
8.22,44.02,18.02,54.4,3,2,1,6.2,2547.2,36.9,2,16.6,0
0.6,7.48,3.75,39.7,3,0,0,41.7,1068.8,27.0,4,999.0,0
11.41,59.95,5.61,38.1,1,2,2,5.0,412.0,27.9,7,15.3,1
9.18,55.88,15.12,56.2,2,0,0,29.8,1359.8,22.3,2,999.0,0
3.29,18.52,13.33,86.5,2,0,0,54.7,2291.3,37.1,1,999.0,0
4.03,21.78,3.49,48.4,2,0,0,27.6,2323.9,26.8,4,999.0,0
2.29,17.21,11.76,76.2,3,0,0,46.5,176.9,34.2,3,999.0,1
0.25,19.82,5.39,27.3,3,0,0,25.4,2321.4,27.2,6,999.0,0
1.84,31.38,1.31,55.7,2,0,0,40.9,815.1,28.5,3,999.0,1
7.31,67.97,6.93,94.4,2,1,3,9.0,245.5,12.5,1,41.8,1
0.02,2.76,25.94,77.8,2,1,2,34.2,2227.1,12.9,1,30.9,1
1.83,15.34,16.21,35.8,3,0,0,31.5,2266.5,30.2,2,999.0,1
2.29,7.74,8.39,57.6,2,0,0,42.7,1610.8,12.7,5,999.0,1
3.47,20.39,2.29,37.5,3,0,0,32.0,1557.4,22.3,1,999.0,0
11.36,82.07,1.36,50.7,2,1,3,5.0,2142.1,11.0,2,44.8,1
1.91,16.88,8.95,78.5,3,0,0,48.1,2076.5,31.4,1,999.0,0
1.92,21.72,11.27,77.8,4,0,0,40.0,2330.8,6.0,3,999.0,1
6.02,27.45,13.6,37.1,2,3,3,5.0,1504.2,31.9,1,3.3,1
2.71,20.76,12.64,89.2,2,2,2,15.5,2520.7,23.7,1,42.9,1
1.14,15.55,13.32,64.4,5,0,0,41.8,2590.6,8.7,4,999.0,0
2.71,29.83,10.4,48.5,2,0,0,35.0,435.5,21.5,0,999.0,0
0.68,7.86,17.78,57.6,3,0,0,46.9,2231.4,12.2,3,999.0,0
0.87,7.76,5.93,65.4,1,2,4,5.0,1374.6,13.6,2,14.7,0
3.1,26.2,8.86,62.0,3,1,2,21.0,1099.5,14.7,1,21.1,0
2.44,15.6,1.92,56.5,1,0,0,43.6,1652.0,4.3,2,999.0,0
11.08,43.3,5.83,57.9,5,1,2,7.6,287.1,37.5,3,16.4,1
2.03,55.84,15.94,33.2,3,0,0,15.9,1390.8,3.1,4,999.0,1
3.91,30.5,13.05,81.0,3,0,0,48.8,2283.7,25.8,3,999.0,0
4.5,31.36,0.86,60.6,3,0,0,40.7,673.0,15.4,5,999.0,1
0.06,8.49,27.11,29.8,3,0,0,37.9,1194.7,25.3,1,999.0,0
4.9,36.86,9.63,77.5,2,0,0,49.8,2451.7,14.8,2,999.0,0
0.88,16.63,9.75,89.9,4,0,0,52.8,1200.0,26.3,2,999.0,1
14.61,70.09,5.56,91.0,5,0,0,39.4,1028.0,28.3,2,999.0,1
0.72,23.45,6.5,47.7,2,0,0,37.8,1229.3,26.9,4,999.0,1
2.41,18.76,9.55,30.2,4,1,4,5.0,1422.7,6.1,2,41.2,0
0.4,11.74,12.59,58.9,3,0,0,47.7,1698.4,25.6,1,999.0,1
25.96,177.7,10.72,28.4,3,0,0,5.0,2111.7,12.1,6,999.0,1
3.14,48.61,5.89,90.0,2,1,2,15.7,1257.7,3.0,2,34.0,0
4.07,28.85,4.37,33.8,2,1,1,5.0,2152.8,16.9,2,29.7,1
0.31,13.06,4.14,39.0,1,2,2,5.0,1457.6,17.6,3,34.7,1
6.24,35.67,16.71,50.5,2,0,0,33.7,979.3,18.8,1,999.0,1
1.06,18.02,15.49,48.7,3,0,0,31.0,1762.0,27.4,2,999.0,1
10.27,81.28,11.86,79.6,2,1,3,5.0,1908.4,13.1,1,2.5,1
1.03,13.66,16.63,54.2,2,1,3,13.5,1517.2,13.4,3,10.9,1
0.95,8.35,7.95,32.8,5,0,0,26.5,288.7,4.2,2,999.0,0
0.17,18.56,14.67,40.0,2,2,3,5.0,566.2,26.7,4,20.5,0
2.87,18.01,12.26,58.2,2,0,0,38.9,849.0,22.4,6,999.0,0
3.74,30.88,14.92,31.1,1,4,3,5.0,842.4,14.6,2,25.4,1
0.31,35.66,3.81,65.9,1,2,2,5.0,1799.9,27.4,0,2.5,1
6.72,25.69,0.71,62.4,3,1,4,5.0,195.0,21.3,1,18.6,1
2.72,25.75,10.3,73.6,3,3,4,5.0,2001.4,18.9,2,19.0,0
3.34,31.67,6.76,90.3,3,1,1,32.7,800.1,20.4,2,43.5,1
2.62,14.13,1.07,88.4,1,0,0,53.6,909.6,24.9,4,999.0,0
2.3,31.12,18.36,91.0,3,0,0,50.5,1443.4,25.8,3,999.0,0
3.69,26.66,15.51,38.4,2,0,0,30.9,679.0,12.4,0,999.0,0
0.76,12.69,10.9,29.9,2,0,0,28.8,2317.0,7.1,1,999.0,0
0.9,16.22,4.59,42.7,1,1,1,16.0,359.2,7.6,3,28.8,1
8.91,48.9,1.84,87.1,1,0,0,36.0,1238.7,25.0,3,999.0,0
13.14,78.64,1.05,92.9,2,0,0,40.2,2231.1,33.4,2,999.0,0
2.1,18.65,5.8,84.4,1,1,4,16.0,1658.8,16.7,1,33.1,1
1.42,8.1,13.44,28.3,5,2,4,5.0,866.2,8.1,1,33.5,0
4.65,37.98,6.81,91.1,2,0,0,44.9,1180.9,29.2,0,999.0,1
2.36,28.98,11.96,51.8,1,0,0,25.6,1881.4,32.0,3,999.0,1
0.12,27.99,12.34,20.7,2,0,0,24.0,2534.5,33.7,3,999.0,0
0.76,31.46,13.32,53.2,3,1,4,5.0,2338.2,23.8,1,42.8,0
5.66,51.56,1.53,23.5,1,0,0,10.0,989.0,33.0,3,999.0,0
4.84,35.4,4.91,60.8,4,1,4,5.0,2595.6,2.6,1,22.6,1
0.12,7.07,11.82,45.4,5,0,0,46.0,158.6,5.9,1,999.0,1
1.13,31.27,20.8,55.5,2,0,0,42.7,217.7,5.3,3,999.0,0
1.18,12.71,17.35,66.0,2,3,2,5.0,2168.4,27.7,4,37.9,1
5.01,19.72,10.53,85.2,1,0,0,50.1,638.7,4.5,3,999.0,0
0.09,29.44,18.48,69.6,3,0,0,50.8,298.9,19.9,1,999.0,0
0.49,35.86,10.48,52.6,2,0,0,30.5,731.0,19.0,3,999.0,1
7.24,50.64,2.37,81.5,2,0,0,39.0,1193.9,13.2,3,999.0,0
0.89,6.04,13.18,87.9,2,1,3,26.3,1939.9,33.3,2,33.2,1
4.76,24.15,17.72,29.0,3,0,0,20.2,1679.6,8.1,3,999.0,0
1.22,32.1,24.75,59.9,2,0,0,28.8,732.2,14.7,4,999.0,0
0.47,38.16,5.68,41.3,2,0,0,32.4,1383.0,29.9,4,999.0,1
1.25,9.56,3.49,23.5,3,1,2,5.0,2419.2,3.1,3,40.4,1
5.76,40.69,14.7,70.1,3,2,1,10.6,2146.8,26.2,0,27.0,1
8.71,99.62,11.37,84.7,4,1,3,5.0,941.8,31.4,4,37.2,1
7.98,39.47,10.71,32.2,1,1,2,5.0,2556.5,35.6,0,24.8,1
2.28,24.5,18.64,80.9,3,0,0,44.4,1886.1,33.5,2,999.0,0
4.96,73.68,14.66,84.0,3,0,0,41.8,303.0,13.5,1,999.0,0
1.03,8.22,12.06,88.6,1,0,0,60.1,236.1,23.1,0,999.0,0
1.56,24.87,6.23,39.9,3,0,0,27.4,562.6,4.8,3,999.0,0
10.2,64.12,13.93,87.8,2,0,0,46.3,1933.2,11.3,2,999.0,1
0.06,7.47,3.36,44.0,4,1,3,13.6,600.2,5.4,2,44.4,0
0.4,26.43,10.46,61.4,1,1,2,17.1,1403.1,13.3,0,44.1,0
1.05,16.47,8.47,23.8,3,3,2,5.0,378.5,33.5,1,44.8,1
0.12,88.76,2.26,23.3,2,0,0,5.0,2406.2,14.5,5,999.0,1
0.9,15.7,11.39,74.0,5,1,1,32.0,992.7,22.2,0,43.4,0
3.94,31.32,5.69,53.3,2,2,2,5.0,2374.9,17.6,3,18.1,1
2.46,20.88,11.21,39.2,5,1,1,18.1,2464.9,18.5,4,1.7,0
10.04,52.51,4.16,34.3,4,0,0,12.0,165.0,36.9,1,999.0,0
7.65,62.75,14.75,70.2,2,0,0,25.3,1287.1,12.7,1,999.0,1
1.88,15.24,22.77,20.0,4,0,0,25.3,210.4,24.6,3,999.0,0
1.35,12.85,3.37,80.4,5,0,0,49.9,2376.3,17.1,1,999.0,0
2.15,26.38,4.16,25.9,2,1,1,5.0,1420.1,4.2,3,3.9,0
4.02,34.11,2.89,34.4,2,0,0,16.4,333.6,19.6,0,999.0,0
1.4,21.67,7.47,49.0,3,0,0,35.6,420.2,31.3,1,999.0,1
4.4,35.77,11.1,56.4,2,1,4,5.0,1089.6,5.6,2,38.7,1
2.37,17.83,13.4,46.6,1,2,1,8.9,2453.6,4.5,3,26.8,0
3.61,26.35,10.33,44.1,2,0,0,32.3,1847.6,7.5,3,999.0,1
2.58,25.95,13.14,92.3,2,1,2,29.1,2275.7,29.5,2,31.1,1
1.57,18.09,8.26,68.1,2,0,0,51.1,1047.8,28.1,0,999.0,0
13.34,81.16,5.64,21.8,2,0,0,5.0,255.9,22.3,3,999.0,1
6.49,46.66,4.24,52.3,4,0,0,32.2,2537.1,18.9,3,999.0,1
0.68,27.26,7.66,85.6,3,1,2,18.0,192.1,34.0,3,26.1,1
9.13,75.99,4.33,42.6,1,3,3,5.0,2471.7,29.6,3,22.0,1
3.01,17.65,10.88,27.1,3,0,0,20.8,1053.3,31.2,1,999.0,0
10.12,101.14,4.38,76.9,3,1,1,10.2,174.7,31.3,2,29.2,1
7.24,49.98,6.1,65.5,5,0,0,34.1,1838.4,25.1,3,999.0,0
2.49,42.58,16.66,62.8,1,1,3,5.4,2552.3,18.5,2,35.5,1
0.1,21.55,17.64,24.0,2,0,0,18.8,2515.8,33.1,4,999.0,0
1.41,33.06,17.3,30.5,4,0,0,22.3,544.3,35.3,2,999.0,0
3.51,24.39,8.36,66.7,4,2,3,5.0,594.1,2.9,0,9.4,0
4.52,35.73,5.81,35.6,3,1,1,9.2,1535.6,3.9,6,26.5,1
1.34,23.58,11.96,57.8,3,0,0,34.0,1711.4,36.5,4,999.0,0
0.68,17.11,4.46,60.9,1,0,0,48.9,1961.6,12.0,5,999.0,0
8.11,45.17,13.81,41.3,3,0,0,16.6,593.6,33.4,5,999.0,1
18.72,111.36,5.43,91.1,2,0,0,23.6,2499.6,16.0,5,999.0,1
3.36,22.17,7.44,83.2,2,2,2,23.2,1714.9,6.3,5,3.9,1
0.85,38.76,14.01,74.2,4,3,4,5.0,2225.3,4.9,2,18.2,1
1.43,31.45,1.76,25.8,1,0,0,15.6,1473.2,7.6,3,999.0,0
0.08,36.11,5.6,28.0,2,0,0,22.8,1165.0,11.0,1,999.0,0
11.06,94.93,11.03,57.0,4,2,3,5.0,2544.1,19.6,5,33.3,1
0.56,15.86,12.58,32.1,2,0,0,25.5,1576.2,27.3,8,999.0,0
3.87,44.12,11.32,93.4,5,1,3,13.3,2273.8,37.5,0,14.9,1
1.44,43.22,7.38,31.9,5,0,0,35.2,2485.6,17.9,2,999.0,1
3.64,33.71,14.89,56.6,3,1,1,16.1,1804.6,20.7,0,3.1,1
4.74,46.08,4.13,47.3,2,1,2,5.0,1494.9,20.8,0,38.4,1
7.97,38.98,3.99,68.0,2,2,2,10.4,158.6,21.4,3,33.0,1
1.04,15.21,10.96,29.7,2,2,1,5.0,248.0,20.6,2,31.6,0
0.05,19.26,3.77,52.3,2,0,0,33.9,642.1,2.3,3,999.0,0
0.66,8.25,23.24,40.6,2,1,2,7.1,605.7,2.1,2,17.4,0
10.36,53.02,5.72,86.6,5,2,3,5.0,774.2,5.5,2,43.1,0
9.32,56.63,14.72,23.0,2,0,0,12.1,897.1,5.7,1,999.0,1
4.09,33.38,3.26,88.5,3,0,0,40.2,1032.2,27.4,4,999.0,1
4.13,22.94,20.34,82.5,1,0,0,59.2,1180.3,9.4,1,999.0,0
4.92,27.34,8.75,42.3,3,0,0,28.7,392.2,34.2,1,999.0,0
0.87,41.46,5.61,79.2,4,0,0,50.7,253.8,35.4,2,999.0,1
11.06,89.48,7.02,22.3,2,1,2,5.0,1801.2,37.1,0,15.2,1
2.44,11.68,4.96,92.5,2,0,0,53.1,1466.5,35.8,2,999.0,0
2.17,10.33,7.43,59.5,3,2,3,6.8,1238.2,11.8,3,32.0,0
3.29,30.08,3.42,42.7,3,0,0,27.0,1704.4,20.4,1,999.0,0
0.22,8.26,5.74,47.2,3,0,0,29.4,2177.8,8.3,0,999.0,0
0.82,30.17,14.54,25.0,2,0,0,20.1,1197.8,31.0,5,999.0,0
6.03,56.81,9.96,94.2,2,0,0,47.3,1720.7,34.0,5,999.0,1
0.39,26.3,4.07,22.9,5,0,0,20.1,2486.3,32.6,3,999.0,0
4.16,30.15,7.6,69.1,4,0,0,40.5,2207.1,17.6,1,999.0,0
1.27,23.71,17.76,53.2,2,0,0,42.5,1193.7,29.3,3,999.0,1
2.22,20.59,6.23,91.2,4,1,3,25.4,1729.6,5.5,0,40.6,1
1.53,50.18,3.74,38.4,2,1,2,5.0,583.8,3.4,2,24.8,1
1.98,30.79,12.29,59.9,2,0,0,41.2,1523.3,29.1,3,999.0,1
5.71,41.14,1.14,56.2,2,1,3,5.0,2554.3,17.3,3,39.8,0
1.59,10.47,7.13,72.7,2,1,1,19.0,1419.9,37.8,1,20.3,1
3.76,27.17,18.71,25.1,3,0,0,25.3,2422.7,5.5,1,999.0,0
2.91,31.25,7.46,34.5,1,3,3,5.0,1148.0,32.8,6,19.0,0
4.9,35.24,15.44,36.1,2,2,1,5.0,2597.2,19.3,3,20.5,1
12.43,55.18,3.7,75.4,3,0,0,41.8,1569.1,31.8,0,999.0,1
5.94,27.61,7.26,34.2,3,0,0,23.7,253.6,31.4,2,999.0,0
1.09,24.2,6.79,63.0,3,0,0,42.8,1587.5,35.0,3,999.0,0
0.14,25.9,11.88,36.1,4,0,0,20.7,822.7,12.7,2,999.0,0
1.37,32.41,9.07,84.6,1,1,1,32.4,229.6,36.2,2,44.8,1
4.07,39.35,20.23,90.7,3,0,0,58.8,2161.1,7.5,2,999.0,1
0.24,4.6,5.99,58.9,3,2,3,5.0,825.5,5.0,4,35.5,1
3.09,21.36,9.0,46.4,3,1,2,6.7,2101.5,17.5,2,34.7,1
4.09,40.75,6.97,37.6,2,1,4,5.0,856.1,31.8,1,16.1,0
1.83,15.18,8.57,23.7,1,1,2,5.0,626.1,19.0,4,17.0,0
6.63,35.44,8.06,40.1,4,0,0,22.1,2536.1,31.9,4,999.0,0
0.51,2.08,4.42,69.1,2,0,0,52.6,1036.0,28.3,0,999.0,0
0.35,6.1,14.05,60.0,4,1,2,25.4,1623.4,9.5,1,25.9,0
5.86,37.24,5.3,90.8,3,0,0,52.4,1644.5,36.2,1,999.0,0
3.08,55.38,5.03,49.7,3,0,0,16.9,1523.2,4.2,3,999.0,1
5.25,42.78,2.38,72.0,4,2,2,8.6,2391.0,34.3,2,12.6,1
2.57,29.76,5.86,56.7,3,1,2,17.3,1802.4,13.0,3,7.0,1
1.27,9.43,5.25,58.4,2,0,0,47.6,1139.1,20.0,3,999.0,1
7.69,65.15,1.39,40.1,3,1,2,5.0,2262.8,17.2,1,23.1,0
7.23,36.95,7.4,54.1,4,2,3,5.0,593.6,8.2,3,15.7,0
5.34,74.46,19.69,55.3,2,0,0,27.7,1483.4,14.9,3,999.0,1
1.43,41.94,2.78,73.0,2,0,0,49.9,2478.8,8.9,2,999.0,0
4.01,29.2,8.46,90.5,1,3,3,5.0,1682.2,9.3,1,23.2,0
2.02,41.85,7.28,44.7,4,0,0,33.0,2151.6,8.7,3,999.0,0
0.43,85.69,12.9,23.2,1,0,0,5.0,1751.2,19.6,2,999.0,1
11.22,85.65,13.5,57.2,3,0,0,19.4,2206.5,30.7,2,999.0,1
0.66,32.8,28.55,60.8,2,1,4,5.0,2464.0,22.5,2,13.1,1
13.5,81.71,10.2,32.6,2,0,0,8.7,818.7,34.2,3,999.0,0
2.66,25.92,4.75,77.0,3,0,0,41.9,565.7,24.9,1,999.0,0
0.92,8.31,5.74,93.9,1,0,0,57.4,1335.8,26.8,3,999.0,0
3.51,13.98,6.18,90.9,3,4,4,5.0,1869.6,26.0,1,41.6,1
9.28,149.55,5.41,34.8,3,0,0,5.0,706.6,18.2,5,999.0,1
5.93,24.97,22.63,85.7,4,1,2,25.0,160.0,26.8,3,39.5,0
7.39,70.21,13.1,72.8,2,3,3,5.0,990.2,4.5,0,6.1,1
4.84,61.38,11.81,54.0,4,0,0,17.8,2523.7,33.0,2,999.0,1
5.3,52.62,3.82,60.5,3,3,2,5.0,1852.7,30.0,2,20.8,1
8.51,152.74,13.42,83.7,4,3,3,5.0,1133.2,10.8,1,0.9,1
1.29,9.91,16.94,56.0,2,2,2,5.0,621.8,29.6,1,20.2,0
3.02,23.47,7.37,48.0,3,0,0,39.9,1022.4,2.5,1,999.0,0
1.13,15.56,5.7,57.0,4,1,4,6.1,566.1,9.8,4,30.3,0
19.78,141.04,20.53,63.4,4,1,3,5.0,410.4,4.3,0,42.3,1
12.98,40.44,5.17,34.2,2,4,4,5.0,2371.5,30.1,2,4.3,1
0.18,8.12,4.77,87.6,2,0,0,55.4,2594.2,29.2,4,999.0,0
5.5,59.47,4.19,70.6,2,1,3,5.0,552.1,31.3,2,20.3,1
11.67,65.32,8.19,67.5,2,0,0,35.1,283.6,2.2,2,999.0,1
0.9,12.03,10.18,27.5,2,0,0,31.3,957.8,20.0,2,999.0,0
3.78,32.58,15.56,65.3,2,0,0,38.7,1281.1,27.4,2,999.0,0
11.12,85.84,12.15,29.1,4,2,4,5.0,651.8,7.6,3,1.7,1
0.16,0.77,12.03,25.9,1,0,0,30.4,888.5,25.4,3,999.0,0
5.38,56.75,18.53,59.5,3,1,3,5.0,642.1,5.0,1,39.9,1
1.59,23.72,4.04,50.2,2,4,2,5.0,2046.9,8.5,1,23.4,1
11.62,62.02,2.64,64.2,2,0,0,25.6,1895.8,19.1,2,999.0,1
15.94,67.7,12.53,26.7,1,1,2,5.0,1705.6,25.5,1,7.8,1
12.99,67.0,7.93,52.3,2,0,0,30.4,1098.7,7.3,2,999.0,1
2.89,29.95,15.6,33.1,3,0,0,28.1,2377.2,8.7,0,999.0,1
8.91,52.6,8.44,94.0,4,1,2,22.7,2525.4,9.4,4,19.7,0
8.38,64.89,5.56,62.1,2,3,1,5.0,575.4,10.6,3,41.8,1
1.73,37.73,12.64,71.6,2,1,2,18.5,696.4,10.2,2,23.7,1
7.95,49.01,9.15,44.4,2,1,2,5.0,1437.8,16.2,5,9.0,1
0.17,14.19,8.45,27.1,4,0,0,31.0,373.6,25.5,4,999.0,0
4.08,83.36,31.71,93.2,3,0,0,35.3,1219.3,17.8,2,999.0,1
1.18,30.04,17.68,41.5,3,1,2,7.3,1575.4,29.9,2,28.2,1
0.58,12.96,13.66,51.8,3,0,0,41.8,1429.1,27.9,0,999.0,0
0.36,20.72,9.34,68.7,4,0,0,39.7,960.7,6.6,2,999.0,1
5.36,39.39,8.82,21.9,1,1,4,5.0,1479.0,3.8,0,25.6,0
1.87,17.84,7.0,80.8,2,0,0,40.2,2499.1,33.6,4,999.0,0
5.81,36.42,9.97,60.2,4,0,0,38.6,654.7,4.9,1,999.0,1
0.3,40.54,6.1,40.9,3,1,4,5.0,1754.3,7.3,2,1.6,1
1.7,46.86,3.38,24.6,3,1,1,5.0,256.3,2.8,3,11.7,1
3.49,30.61,8.38,32.2,3,3,2,5.0,312.7,24.6,2,4.6,1
7.04,33.59,10.5,87.1,2,1,2,26.7,1502.0,23.0,5,15.5,0
1.73,13.78,15.62,71.5,3,0,0,55.1,407.1,37.5,1,999.0,0
4.42,116.79,4.79,38.7,3,3,2,5.0,204.7,33.9,0,32.4,1
9.77,130.66,8.87,24.9,2,2,3,5.0,570.2,16.8,3,27.7,1
4.31,39.87,12.09,71.8,3,0,0,41.0,1533.9,15.4,2,999.0,0
1.19,28.44,11.93,62.9,4,0,0,45.3,1873.2,12.7,3,999.0,0
0.11,19.63,21.96,50.3,2,1,2,5.3,646.1,7.5,2,39.9,0
9.18,68.55,7.09,47.3,2,1,2,5.0,1787.2,7.0,0,18.3,1
0.1,1.17,4.49,36.3,2,2,4,5.0,597.1,6.8,2,18.3,0
9.35,41.52,9.26,70.2,3,1,3,14.0,1653.0,6.1,1,18.5,1
3.39,42.42,7.35,92.8,2,1,1,32.9,1159.3,10.7,3,4.9,1
12.59,96.88,6.48,33.2,3,4,3,5.0,1751.8,13.0,4,43.9,1
7.22,58.57,5.88,64.8,4,1,2,7.3,2587.9,36.6,1,6.7,1
27.82,248.36,10.52,51.8,2,0,0,5.0,2447.7,22.8,4,999.0,1
1.94,14.13,5.31,53.5,4,2,2,5.5,160.5,37.6,1,14.7,0
6.56,47.05,13.65,39.1,5,0,0,19.4,2319.3,15.4,6,999.0,1
2.31,29.53,13.26,81.9,1,1,1,24.9,312.9,18.5,3,7.3,1
2.94,31.4,11.13,56.4,2,3,2,5.0,2485.0,13.7,2,2.5,1
4.44,38.68,4.03,60.8,5,1,2,17.8,840.5,8.6,2,13.5,1
9.31,68.78,10.22,42.9,5,1,2,5.0,1086.0,7.2,0,39.1,1
18.63,114.52,16.25,33.6,1,0,0,5.0,374.5,36.0,3,999.0,1
6.58,64.26,14.25,26.4,1,0,0,12.6,425.1,37.5,1,999.0,1
2.43,26.42,13.05,73.6,2,0,0,39.8,1930.5,3.6,2,999.0,0
2.46,17.82,8.78,34.7,5,1,3,5.0,2463.6,7.4,2,44.8,0
6.02,55.38,8.52,71.8,2,1,3,5.0,1646.3,17.2,4,10.8,1
1.23,16.42,17.85,49.3,3,1,1,15.6,1903.8,8.7,0,12.9,0
0.53,19.96,10.42,51.2,4,0,0,38.9,2016.8,15.1,1,999.0,0
1.97,35.5,10.5,55.2,1,0,0,30.2,793.9,6.6,2,999.0,1
1.52,11.26,37.12,47.6,3,2,1,16.8,260.8,18.4,1,23.2,0
1.58,5.86,6.99,27.5,2,0,0,35.8,154.6,11.8,3,999.0,0
1.2,28.54,1.27,43.2,4,1,3,5.0,1009.1,14.7,2,42.0,1
0.19,15.16,7.7,69.8,2,1,1,28.3,741.6,5.4,4,44.2,0
0.08,18.55,8.01,69.9,3,1,4,17.5,302.7,17.4,2,36.8,0
19.8,180.82,10.32,41.5,3,0,0,5.0,589.8,37.4,5,999.0,0
2.51,39.43,11.86,54.5,2,2,3,5.0,455.0,13.8,3,18.5,0
2.18,63.3,1.51,34.5,1,0,0,17.4,2391.5,33.6,3,999.0,1
5.12,39.85,12.01,35.8,2,4,2,5.0,493.7,32.4,2,40.1,1
1.11,16.89,8.33,21.7,2,0,0,27.9,1467.2,36.3,4,999.0,0
13.48,52.92,7.21,87.3,4,0,0,41.0,1603.1,30.4,4,999.0,0
6.95,32.17,2.26,35.8,4,2,1,5.0,1481.5,25.7,2,29.7,0
0.42,14.78,20.08,37.1,2,0,0,35.4,392.7,32.8,7,999.0,0
2.43,17.91,6.42,41.0,3,1,1,18.6,931.1,4.7,3,19.9,1
9.51,68.83,13.16,29.6,3,2,1,5.0,275.6,18.7,5,28.6,1
13.03,61.34,4.74,67.9,4,2,1,5.0,1119.4,37.6,2,17.7,0
2.83,25.91,10.61,25.6,2,4,3,5.0,612.1,29.7,3,16.4,0
4.28,40.18,7.29,30.1,2,0,0,24.6,1526.0,36.6,0,999.0,0
0.82,4.63,12.91,68.4,2,1,1,40.4,1847.4,30.1,3,36.3,0
21.28,115.63,7.12,45.5,3,0,0,5.0,1453.7,33.5,1,999.0,1
1.19,12.98,4.58,73.1,2,0,0,46.9,1213.9,27.4,3,999.0,0
12.87,79.24,8.58,61.8,2,2,2,5.0,1099.0,29.4,1,32.5,0
4.72,34.79,8.3,39.2,1,0,0,34.0,2212.1,20.8,5,999.0,0
4.21,48.92,10.17,68.8,3,1,2,12.1,687.5,35.3,7,12.5,1
3.23,50.23,15.32,28.7,2,1,2,5.0,1948.8,31.7,3,45.0,1
1.18,19.71,3.84,60.2,2,1,1,26.0,2005.8,32.4,2,26.7,1
0.87,6.21,14.85,52.8,2,3,1,5.0,1177.0,26.2,4,30.8,1
1.12,34.41,3.39,40.1,2,0,0,21.6,878.4,13.0,1,999.0,0
0.93,35.54,12.61,65.3,3,1,1,16.3,1302.8,3.3,1,38.1,1
6.81,27.38,12.85,85.4,2,2,3,16.9,378.4,35.7,1,0.9,1
1.94,29.16,6.19,94.9,2,0,0,55.9,262.5,23.1,2,999.0,0
0.27,6.94,4.92,65.6,3,0,0,48.0,423.4,12.7,0,999.0,0
15.65,116.04,4.73,50.4,2,1,2,5.0,608.5,7.4,2,40.3,0
9.69,142.26,9.12,36.9,2,0,0,5.0,1385.2,31.9,0,999.0,1
11.82,53.28,13.36,39.3,4,0,0,23.1,2230.4,32.1,1,999.0,0
23.76,216.12,7.86,56.0,2,2,3,5.0,727.3,31.3,0,16.6,1
0.86,18.9,1.13,47.5,2,1,2,12.3,2441.1,25.2,2,33.3,1
2.27,62.19,5.91,88.5,1,3,2,5.0,2489.5,15.2,2,33.5,0
6.39,48.26,5.76,47.6,2,2,2,5.0,2499.3,12.9,1,27.5,0
5.36,47.32,11.81,48.0,3,1,3,5.0,2202.0,2.3,0,13.5,1
0.75,4.52,12.18,48.8,3,0,0,37.5,1041.4,32.0,2,999.0,0
7.61,48.28,9.57,82.7,3,0,0,32.9,328.1,5.1,7,999.0,0
1.14,9.47,14.87,68.8,2,0,0,58.3,1543.6,24.7,1,999.0,0
1.14,61.77,15.54,66.1,2,2,2,5.0,1518.8,20.1,5,10.0,1
3.46,48.03,6.16,45.1,4,0,0,21.7,2232.4,21.0,2,999.0,1
4.04,60.93,4.66,81.3,4,0,0,36.9,2590.2,35.4,5,999.0,1
3.9,55.98,8.23,22.9,1,1,1,5.0,1395.0,3.1,2,2.7,1
0.43,3.22,9.56,85.3,2,0,0,65.1,995.7,29.8,0,999.0,0
9.45,54.29,5.94,58.5,2,0,0,22.9,605.5,3.9,2,999.0,0
1.39,8.2,42.34,49.9,1,1,2,16.6,161.8,3.4,5,33.9,1
0.62,6.71,19.39,57.3,2,0,0,43.2,1397.3,17.5,2,999.0,1
9.88,78.4,5.56,70.1,1,0,0,32.1,1511.0,4.3,0,999.0,1
14.02,101.62,3.96,21.0,3,0,0,5.0,2171.1,30.4,4,999.0,0
8.92,58.54,5.24,85.4,3,1,2,8.1,1386.2,21.1,5,25.9,1
7.46,35.52,15.71,53.5,1,1,2,8.2,2395.3,3.0,3,5.2,0
4.79,36.86,15.93,45.7,1,0,0,24.7,1688.8,3.5,0,999.0,0
3.6,30.4,19.53,30.4,4,1,3,5.0,2208.8,24.1,3,44.9,1
0.41,57.13,4.55,53.0,2,0,0,33.9,513.3,31.0,3,999.0,0
2.36,28.47,11.78,57.2,3,3,2,5.0,2245.6,17.8,0,27.7,1
2.1,64.49,4.87,50.3,2,0,0,19.3,1804.1,22.0,1,999.0,1
1.35,13.1,22.02,70.9,3,1,3,15.2,567.1,30.8,1,39.9,1
5.78,29.69,4.67,51.6,2,2,2,5.0,614.9,24.0,3,34.1,1
3.08,34.18,3.29,92.1,1,2,3,12.9,2419.9,10.1,2,27.1,0
0.38,8.21,3.79,64.9,2,0,0,45.9,228.9,24.1,5,999.0,0
1.12,12.54,8.61,80.6,2,0,0,54.6,1283.2,24.6,4,999.0,1
5.17,22.45,13.25,28.2,2,1,3,5.0,918.0,28.4,3,20.3,0
0.36,3.84,12.73,49.8,3,0,0,42.4,1779.4,24.4,2,999.0,0
8.57,49.72,3.92,45.3,2,2,2,5.0,2207.1,36.9,0,22.6,1
3.08,21.49,6.65,62.7,1,1,3,8.1,1032.9,9.1,3,31.4,0
2.95,27.44,6.06,84.6,3,1,4,17.7,1195.9,36.2,0,3.6,0
4.04,21.55,3.49,25.9,3,0,0,25.4,2555.7,21.4,0,999.0,0
7.84,56.48,5.96,25.4,5,1,2,5.0,2070.6,26.2,5,15.5,1
1.92,31.29,19.05,83.8,3,1,2,23.3,2348.2,5.6,4,16.1,1
5.1,19.73,3.13,36.0,2,2,3,5.0,1225.0,15.7,2,5.8,1
3.75,24.21,9.97,70.2,3,0,0,44.1,723.5,29.7,1,999.0,0
1.4,40.78,19.3,60.7,4,0,0,34.6,1159.1,27.4,2,999.0,0
9.49,62.72,18.72,82.5,4,0,0,39.6,1904.4,3.4,1,999.0,1
7.18,47.23,22.62,29.4,2,0,0,21.7,418.1,21.7,2,999.0,1
4.83,33.19,10.59,29.7,2,1,2,5.0,812.6,5.2,0,16.9,0
8.55,56.46,11.58,61.8,2,2,1,8.0,264.3,37.9,2,32.7,0
9.09,40.16,6.04,91.0,3,0,0,39.6,1209.3,34.3,1,999.0,0
5.55,58.7,3.07,51.1,3,2,4,5.0,2177.2,2.8,1,26.8,1
8.16,63.98,7.85,44.5,3,0,0,20.4,210.4,32.9,0,999.0,1
5.38,45.66,16.86,65.5,1,0,0,37.8,1804.5,35.1,3,999.0,1
5.13,48.36,1.11,89.8,3,0,0,53.8,2434.6,14.7,1,999.0,0
4.34,31.05,6.23,82.8,4,0,0,38.6,730.5,27.9,2,999.0,1
6.29,37.32,12.28,94.7,2,2,1,18.9,1849.4,17.9,1,35.0,0
0.78,10.63,8.69,21.7,3,0,0,15.9,2539.0,25.6,5,999.0,0
9.57,41.94,18.11,28.5,2,1,3,5.0,2507.6,14.3,1,25.5,1
9.25,53.71,15.84,65.7,4,0,0,34.8,725.6,13.6,4,999.0,1
0.13,9.73,2.76,81.5,4,3,3,7.7,395.8,17.3,1,16.0,0
7.86,29.54,9.16,41.4,3,0,0,30.4,513.3,7.2,0,999.0,0
0.62,29.09,5.05,37.9,3,0,0,33.6,1870.0,31.9,3,999.0,0
1.84,9.1,5.0,79.0,4,0,0,55.7,1928.1,14.6,3,999.0,1
6.12,41.38,2.94,24.2,2,0,0,16.3,1801.9,16.4,2,999.0,1
0.79,13.84,10.16,47.7,2,0,0,30.3,973.4,34.2,3,999.0,0
7.67,44.04,18.34,57.9,3,2,4,5.0,566.0,19.9,2,4.3,1
8.03,41.84,10.74,62.0,2,1,1,9.9,1572.9,21.6,2,33.2,1
3.19,34.97,2.79,74.6,2,1,2,25.6,1335.0,36.4,2,37.6,1
0.03,22.65,8.37,46.6,4,1,2,9.4,1935.6,33.9,4,40.7,0
1.52,39.85,11.98,66.0,3,0,0,43.7,1231.3,8.1,2,999.0,1
4.32,32.69,7.96,63.9,2,0,0,36.5,979.7,19.0,2,999.0,0
17.88,140.82,10.62,61.1,2,4,2,5.0,869.0,37.0,2,34.0,1
4.5,56.56,5.35,68.0,2,2,1,5.0,668.1,15.4,3,7.4,0
1.35,75.25,7.35,39.5,2,2,2,5.0,801.1,15.4,3,7.8,1
4.52,61.83,7.05,26.3,2,2,2,5.0,382.3,9.0,2,3.7,1
3.49,22.26,20.34,28.9,3,0,0,28.3,999.8,6.1,0,999.0,0
6.81,34.12,3.98,36.8,2,0,0,21.7,239.6,28.7,3,999.0,0
0.51,13.62,1.27,57.5,2,0,0,35.7,606.7,29.7,4,999.0,0
6.44,54.0,19.58,83.0,2,0,0,47.4,1979.6,36.9,3,999.0,1
3.51,34.7,9.37,72.6,5,0,0,45.9,947.4,29.8,7,999.0,0
14.83,115.41,3.35,79.2,2,0,0,21.3,1787.2,10.8,4,999.0,1
1.88,41.04,15.01,46.3,1,1,1,18.9,1906.4,3.4,1,9.6,1
4.51,40.9,12.44,50.3,1,2,3,5.0,1573.9,37.5,1,3.1,0
12.1,91.84,22.31,49.5,3,1,3,5.0,2498.8,14.3,1,24.8,1
0.49,10.07,9.85,34.4,3,3,3,5.0,202.5,13.2,2,31.7,1
12.46,79.6,31.76,24.6,2,0,0,5.0,1959.7,34.6,1,999.0,1
5.24,34.52,8.01,64.3,2,0,0,47.8,2499.0,23.1,2,999.0,1
0.32,23.46,12.45,94.2,1,1,4,24.3,2262.6,9.7,5,40.4,0
1.61,12.54,13.57,32.5,3,0,0,30.3,561.3,34.0,5,999.0,0
5.54,38.98,42.95,23.5,3,0,0,22.5,950.7,37.8,3,999.0,1
0.31,46.9,6.4,78.5,1,0,0,39.2,572.5,5.1,2,999.0,0
3.93,17.95,6.26,38.9,1,0,0,36.3,1623.2,33.0,2,999.0,0
1.91,22.42,13.74,82.2,1,1,2,14.3,1894.9,16.1,2,4.0,1
4.36,29.2,3.12,72.8,1,0,0,38.9,926.8,20.9,1,999.0,1
0.21,11.66,5.02,90.9,3,1,4,26.3,1471.8,34.9,2,17.0,1
9.23,59.2,7.86,50.7,2,1,4,5.0,1842.8,37.0,0,33.7,1
16.34,65.54,21.89,69.6,2,0,0,32.7,1182.3,11.4,4,999.0,0
15.61,60.9,13.74,54.9,2,0,0,19.7,2242.3,9.7,0,999.0,0
6.23,45.8,9.13,67.3,5,0,0,45.8,2040.3,4.9,4,999.0,1
0.63,20.13,5.99,53.7,4,0,0,44.1,308.4,22.2,7,999.0,0
